geocell_id,country,num_points,centroid_lat,centroid_lon
0,Afghanistan,1,36.821611089307225,70.98324531163152
1,Afghanistan,1,36.95912290409542,68.25857621997537
2,Afghanistan,1,34.272660042780075,61.31405050573869
3,Afghanistan,1,34.66889795156837,70.45726672122828
4,Afghanistan,3,31.374668725569705,66.05069957790266
5,Afghanistan,4,34.057763877221035,67.50163986320055
6,Albania,82,41.589451084450175,20.183022644722143
7,Albania,70,42.17415182857143,20.304977828571428
8,Albania,54,41.78641831481482,19.795783703703705
9,Albania,58,40.76811238899409,19.88080446590516
10,Albania,120,40.63259789166667,20.708239591666665
11,Albania,108,41.04038769444445,20.098914592592592
12,Albania,86,40.21730244186046,20.168938639534883
13,Albania,92,40.120083880434784,19.806527239130435
14,Albania,123,42.13368800813008,19.68784475609756
15,Albania,72,40.77147489223591,19.5946670002853
16,Albania,100,41.30233920357264,19.765697658529376
17,Albania,38,41.40546318421053,19.60296286842105
18,Algeria,8,37.457221845210064,7.023252330088614
19,Algeria,8,35.33535956398035,6.779683954733464
20,Algeria,6,35.64145336160868,-0.915061348217582
21,Algeria,9,37.15622216159161,2.3458079150103024
22,American Samoa,55,-14.33190150909091,-170.80261201818183
23,American Samoa,53,-14.315179735849055,-170.82719764150943
24,American Samoa,40,-14.2988044,-170.68534035
25,American Samoa,20,-14.3104447,-170.7065926
26,American Samoa,38,-14.26647844736842,-170.5687908157895
27,American Samoa,28,-14.249872892857145,-170.57369710714286
28,American Samoa,59,-14.227213779661016,-169.51376455932203
29,American Samoa,35,-14.2185572,-169.4918210857143
30,American Samoa,27,-14.214591407407408,-169.4640337037037
31,American Samoa,18,-14.213941166666666,-169.4413558888889
32,American Samoa,20,-14.21746705,-169.42553845
33,American Samoa,41,-14.172104439024393,-169.6289165121951
34,American Samoa,21,-14.302635952380951,-170.81224104761904
35,American Samoa,28,-14.176180714285715,-169.65228060714284
36,American Samoa,31,-14.175796322580643,-169.67574503225808
37,American Samoa,36,-14.34807875,-170.76215677777776
38,American Samoa,135,-14.329017,-170.73209446666667
39,American Samoa,62,-14.27506172580645,-170.69313611290323
40,American Samoa,22,-14.285111045454546,-170.71466295454545
41,American Samoa,113,-14.263587610619467,-170.6627440176991
42,American Samoa,58,-14.284747827586203,-170.6458202586207
43,American Samoa,60,-14.27505305,-170.60474183333332
44,Andorra,100,42.60926304,1.52069235
45,Andorra,57,42.58086566666667,1.6697895789473685
46,Andorra,52,42.543435384615385,1.470934653846154
47,Andorra,150,42.46053990666667,1.4896693133333334
48,Andorra,129,42.51496537209302,1.549142937984496
49,Andorra,60,42.51327605,1.5210222166666665
50,Andorra,65,42.58652730769231,1.6378641846153847
51,Andorra,54,42.569099888888886,1.5962783703703705
52,Andorra,63,42.53498576190477,1.5971431111111112
53,Andorra,66,42.557680000000005,1.5868339545454546
54,Andorra,16,42.563331625,1.681867625
55,Andorra,23,42.54190686956522,1.703405304347826
56,Andorra,101,42.549377972814376,1.5283959463888344
57,Andorra,34,42.56735338235294,1.4780997352941176
58,Angola,7,-8.276759441138072,9.875599779366569
59,Angola,31,-12.637854669564328,16.36079546652392
60,Antarctica,1,-54.68848199618068,137.30631432603883
61,Argentina,78,-31.93154415811676,-59.16675937691789
62,Argentina,80,-24.316570355765386,-64.78171823589477
63,Argentina,112,-34.24246715274999,-68.64371508622371
64,Argentina,90,-38.6429235719252,-69.95319988901946
65,Argentina,72,-43.23272506261435,-66.04969004833923
66,Argentina,92,-44.54717522182146,-69.1578314718807
67,Argentina,139,-40.35274573855224,-67.03180833111419
68,Argentina,91,-48.90991996824256,-70.07647722357271
69,Argentina,34,-54.09214490922419,-67.83007062615232
70,Argentina,122,-38.17292732291323,-59.67387191936221
71,Argentina,132,-35.046628807992604,-60.00447791911713
72,Argentina,91,-31.018500565373824,-60.93757719386092
73,Argentina,46,-23.359940143201456,-65.75331448993076
74,Argentina,33,-27.040666298105435,-65.31634933716141
75,Argentina,71,-27.71020683484454,-63.32546694705587
76,Argentina,85,-33.644618032539896,-65.95504932255996
77,Argentina,108,-37.20497115962052,-65.31238663772653
78,Argentina,137,-32.0758188385465,-63.80761746744511
79,Argentina,42,-25.103094745907704,-59.69120795009869
80,Argentina,43,-26.87727983705805,-54.72264261888629
81,Argentina,66,-26.54424240281791,-60.69122823178669
82,Argentina,62,-28.79921953777653,-57.82716482675124
83,Argentina,63,-27.877567892347304,-66.42041023914926
84,Argentina,66,-29.755226517013195,-67.15061982648898
85,Argentina,62,-30.94126475964436,-68.56625666040064
86,Armenia,8,40.102320799648425,45.1260060511102
87,Ashmore and Cartier Is.,1,-12.61249133094367,123.37313547806764
88,Australia,127,-30.592657624716757,116.11547125617736
89,Australia,81,-34.45531617834383,116.46452521282856
90,Australia,87,-28.95751298985378,135.00352207127972
91,Australia,101,-32.6019606380924,136.33424874652283
92,Australia,115,-34.93604942521522,139.58140184862302
93,Australia,40,-35.975655377083385,137.0234611783373
94,Australia,137,-17.624509639122422,145.0501606565534
95,Australia,147,-25.968300964799933,150.9048010908541
96,Australia,91,-21.538786202359763,140.56122809461544
97,Australia,117,-24.809317698523135,145.1577156445062
98,Australia,90,-35.37281421922637,148.0702692046062
99,Australia,202,-31.837800364407094,146.30477337057977
100,Australia,62,-29.3779582807178,121.09227739937818
101,Australia,117,-31.657856217429263,152.6879724848203
102,Australia,141,-37.15499647472576,142.25941140381263
103,Australia,158,-37.15450401518779,145.79450029661928
104,Australia,148,-42.03610108065008,146.26945746614197
105,Australia,24,-41.66633046288008,151.61349288509714
106,Australia,155,-22.77329466394272,117.3085237564066
107,Australia,44,-33.13769019724888,124.05273016714976
108,Australia,47,-18.0392648930894,126.15717545223492
109,Australia,65,-24.01526211866213,133.68511208684555
110,Australia,72,-17.88381331491539,135.72766318713957
111,Australia,38,-15.910535061993038,129.6727662342599
112,Australia,50,-13.04939489388181,132.4355689268109
113,Austria,52,48.05751290519266,14.959478217672505
114,Austria,44,47.7753187605848,15.913782725863824
115,Austria,110,46.756782007461695,13.97168333856716
116,Austria,64,47.36048785022985,14.34069147019989
117,Austria,130,47.17985049275072,15.445755454448824
118,Austria,110,48.31467533410616,16.36998063344342
119,Austria,61,48.6131614179359,15.360840370720377
120,Austria,76,48.2172081404947,14.407424412459775
121,Austria,79,48.10904169105704,13.52231421408141
122,Austria,54,47.54457364564983,16.503966936338113
123,Austria,115,47.243676417391306,9.644509391304348
124,Austria,139,47.2075091745949,11.490473327806711
125,Austria,82,47.45574869750263,13.143529578738711
126,Azerbaijan,1,38.96285843580264,46.48625628920897
127,Azerbaijan,1,39.49689337407838,45.41401231894753
128,Azerbaijan,1,41.0433729432811,47.07539944697601
129,Azerbaijan,1,40.61111646598869,46.78041849962625
130,Azerbaijan,1,40.66751074429982,45.99016916312917
131,Azerbaijan,1,40.03285468381631,47.21072987551963
132,Baikonur,2,45.7126505,63.543711
133,Bangladesh,132,23.12729963162105,91.33888891862188
134,Bangladesh,38,21.779070961035718,92.07206510806812
135,Bangladesh,61,22.476214509419723,90.2956607993818
136,Bangladesh,77,24.727588727801027,91.6690600118436
137,Bangladesh,102,24.399011461140404,90.65012151472882
138,Bangladesh,132,23.55854630448246,90.0672174433401
139,Bangladesh,69,24.81150604347826,90.09567878260869
140,Bangladesh,59,25.819546924367422,88.9690132700571
141,Bangladesh,114,24.6090363245614,89.01272592105263
142,Bangladesh,86,23.59061771752224,89.02364067427298
143,Bangladesh,123,22.74388823351636,89.4329990280799
144,Barbados,1,11.833860950761904,-58.96592958025764
145,Belarus,56,53.98299720759786,27.489079649672583
146,Belgium,113,50.99138580315629,3.047728943089288
147,Belgium,133,50.4719838639727,3.92833363980838
148,Belgium,113,50.26355996460177,4.856958619469027
149,Belgium,86,49.99343182818666,5.529490911965578
150,Belgium,133,50.51014833329638,5.698329557613334
151,Belgium,109,51.03559676185863,3.8305457609943177
152,Belgium,102,51.23201871551331,4.714231710886988
153,Belgium,79,50.96802401265823,5.391394430379747
154,Belgium,87,50.88044768965518,4.580635011494253
155,Belgium,39,50.67600566666667,4.582768846153846
156,Belize,1,15.883602,-89.229827
157,Benin,9,9.43294783810196,2.434869352671768
158,Benin,2,6.033541373394158,2.2675972653285754
159,Bermuda,110,32.30989507272727,-64.76023063636363
160,Bhutan,48,27.49382022916667,91.32597025
161,Bhutan,84,27.527344952380957,90.76286997619049
162,Bhutan,93,27.456119763440864,90.06819234408603
163,Bhutan,31,26.983563258064517,89.96280058064517
164,Bhutan,92,27.301056507892305,91.22910543770402
165,Bhutan,86,27.416025441860462,90.50939838372094
166,Bhutan,100,27.09724298,89.45867075
167,Bhutan,66,26.931388145316497,90.45414371367724
168,Bhutan,57,27.03925863157895,91.13300015789474
169,Bhutan,77,27.23299679220779,91.55120963636364
170,Bhutan,88,27.42872200405888,89.64631254605378
171,Bhutan,87,27.369281896551723,89.41545040229884
172,Bhutan,33,27.588430855844223,89.87191597270282
173,Bhutan,48,27.024063979166662,90.10359795833334
174,Bolivia,25,-12.673698502470016,-66.35351780677084
175,Bolivia,204,-16.68563093901376,-68.20346002207668
176,Bolivia,122,-17.408367387919053,-66.10305336267238
177,Bolivia,101,-17.676648153687925,-65.18578360364711
178,Bolivia,119,-18.401188388778845,-67.41968858020941
179,Bolivia,119,-19.60524585021425,-66.06737185703987
180,Bolivia,120,-19.442168372156925,-64.76020100233441
181,Bolivia,59,-17.95327538417415,-64.05837424084571
182,Bolivia,161,-17.435526394043762,-62.93652954787457
183,Bolivia,48,-18.40783978459204,-63.24086980443887
184,Bolivia,42,-17.651794108709442,-60.74950240027939
185,Bolivia,32,-20.049028295956404,-63.3854272155547
186,Bosnia and Herz.,36,43.942426820877216,17.552771840982984
187,Bosnia and Herz.,1,44.81448385374887,19.0343212449518
188,Botswana,49,-18.191199811795038,25.1360493410404
189,Botswana,26,-20.07510710467739,24.67560239481696
190,Botswana,48,-22.369030621819828,27.353341226941552
191,Botswana,58,-23.16814721348068,26.571081048631733
192,Botswana,36,-22.23672913237392,26.586468304641382
193,Botswana,91,-22.422931275112976,28.26334433331995
194,Botswana,53,-20.92575543940268,27.494933533205412
195,Botswana,41,-24.370245159977312,26.110750080909124
196,Botswana,49,-24.94452225517307,25.77955848387252
197,Botswana,72,-24.801833700935784,24.649521796003903
198,Botswana,98,-24.71984599218481,22.042194205320552
199,Botswana,82,-22.36063178337509,21.53999568628124
200,Botswana,48,-19.96135668663497,23.609336817816043
201,Botswana,113,-24.15236949054008,25.07751448098304
202,Botswana,49,-20.507990578628235,22.614164491314774
203,Botswana,27,-19.50651307727853,22.196394462360832
204,Botswana,20,-18.649753560693338,21.939163419953527
205,Botswana,44,-20.352021278886816,24.68482344819573
206,Botswana,66,-21.32683030251091,25.54640051549868
207,Botswana,73,-20.569254642375487,26.233754475192303
208,Botswana,62,-21.010592269244768,27.102707491409976
209,Br. Indian Ocean Ter.,9,-6.295194098399411,72.02686048066585
210,Brazil,53,-28.318218219574792,-53.13645097005518
211,Brazil,66,-31.153533751052976,-50.84538555049643
212,Brazil,101,-24.80375676116005,-51.68551198256484
213,Brazil,79,-27.734919714159098,-49.05018847006174
214,Brazil,51,-6.379721771249106,-69.08003450333787
215,Brazil,103,-4.151193327011934,-61.31333347643813
216,Brazil,55,-10.58607932136197,-63.13632236632903
217,Brazil,98,-12.495044543269044,-58.0297331935948
218,Brazil,103,-13.897561466705092,-53.50097251743256
219,Brazil,114,-4.291618177064715,-45.093755827298914
220,Brazil,80,-7.377060978392423,-42.999708120605135
221,Brazil,89,-4.314532342948082,-39.45765172213678
222,Brazil,57,-31.21698797434907,-54.03006952294629
223,Brazil,83,-5.803809376482994,-36.18714552866241
224,Brazil,46,-8.280119054812731,-38.55037901472279
225,Brazil,67,-11.033418067973289,-35.93377664732004
226,Brazil,120,-12.90206748818748,-39.787146220153005
227,Brazil,85,-12.006226768636656,-43.67210509145219
228,Brazil,53,-19.38436697979284,-39.50014539320588
229,Brazil,73,-23.271028581603463,-41.96752767158379
230,Brazil,129,-22.25514037181744,-48.61353794695725
231,Brazil,141,-16.032328116129502,-49.31117721867045
232,Brazil,199,-18.482116491683414,-43.87860830792116
233,Brazil,36,2.284605115742679,-60.94796770704457
234,Brazil,44,-18.790371187302835,-48.114097186144924
235,Brazil,90,-9.86524525675024,-48.42455216569327
236,Brazil,72,-3.0416730969463144,-54.75998702048581
237,Brazil,57,-2.8347198640655944,-48.57401638464715
238,Brazil,54,-7.701407515343951,-52.19829035876991
239,Brazil,41,-9.344279715571826,-69.87062186861802
240,Brazil,49,1.6739388240269324,-50.91528112746265
241,Brazil,113,-20.595039503127584,-54.48185577469109
242,Brunei,1,4.600265,115.049601
243,Bulgaria,67,42.51360957189622,27.36521361903536
244,Bulgaria,40,42.25382869994983,26.602243730600293
245,Bulgaria,35,43.391793168127,23.810124725018312
246,Bulgaria,36,43.477725166666666,24.67305555555556
247,Bulgaria,40,43.198137625,25.608969025
248,Bulgaria,39,41.54428597435898,25.55922715384615
249,Bulgaria,36,41.6454395733251,24.68594816958961
250,Bulgaria,43,43.16938321131764,27.71570702655714
251,Bulgaria,54,42.27054466251481,24.787162155092616
252,Bulgaria,43,42.38980981395349,25.534412395348834
253,Bulgaria,38,42.64078779027594,26.18352404685596
254,Bulgaria,55,43.26190267234769,26.673772672188605
255,Bulgaria,41,41.91007793458849,25.821088773450374
256,Bulgaria,58,43.02097086575577,24.799064279562064
257,Bulgaria,39,42.17392297435897,24.139222794871795
258,Bulgaria,56,43.670048491799605,23.010048913878112
259,Bulgaria,51,42.66824261984639,23.14313030457736
260,Bulgaria,73,42.74773362786075,23.583920091082224
261,Bulgaria,32,42.2840329375,22.79556384375
262,Bulgaria,61,41.69913292903722,23.415405503077764
263,Bulgaria,63,43.75755974234092,27.620138259143594
264,Bulgaria,47,43.682215887666224,26.252591566596934
265,Burkina Faso,7,11.00470039850602,-3.5539861177479684
266,Burkina Faso,3,13.884869491608734,-1.3161400743737015
267,Burkina Faso,2,11.364042361100246,-0.9613548172285676
268,Burkina Faso,2,12.552943781292242,0.0577521276968013
269,Burundi,5,-3.60159743680409,29.52758598320536
270,Cabo Verde,3,15.248943975935331,-21.336775770191128
271,Cambodia,54,13.160271685185185,106.58621459259258
272,Cambodia,102,12.025608615247643,105.5905343986243
273,Cambodia,47,11.13617119148936,103.57636065957446
274,Cambodia,63,12.25500740055493,104.0659004773598
275,Cambodia,105,12.994932876190475,102.91783846666668
276,Cambodia,76,11.495802644736845,104.38375859210528
277,Cambodia,45,11.179201622222225,105.82451008888889
278,Cambodia,70,11.4046978,105.43534524285715
279,Cambodia,90,11.475000468823808,104.958647067249
280,Cambodia,57,10.971666245614037,104.79673459649123
281,Cambodia,77,10.759577506493509,104.35789137662336
282,Cambodia,58,13.787910637931034,103.0381582586207
283,Cambodia,46,13.310905282608696,105.0256792826087
284,Cambodia,97,13.57130955971889,103.9715533116258
285,Cameroon,25,6.8728241231391705,12.361591184275762
286,Canada,119,50.52816031817361,-118.63747821878395
287,Canada,121,55.729452535088974,-130.21528037188256
288,Canada,62,50.96413817216423,-100.2670131684822
289,Canada,56,50.52441074567172,-96.90039679830598
290,Canada,86,55.84615324302152,-97.1256627882138
291,Canada,138,49.87593981030124,-88.57216760989127
292,Canada,122,45.25392847188661,-79.67869979970189
293,Canada,77,46.34289826807762,-73.1539127015548
294,Canada,44,49.06650513497954,-67.70707786394331
295,Canada,33,48.37772683625308,-77.74359766245038
296,Canada,66,46.792945267931685,-66.27133855832346
297,Canada,96,61.9506695616767,-132.5713325108329
298,Canada,116,56.34475839074861,-123.18102299842664
299,Canada,55,66.12983218086318,-99.7621166906542
300,Canada,86,49.53700114279081,-56.9466355957442
301,Canada,64,45.206808093914574,-63.22062976457059
302,Canada,75,61.8130705164746,-115.59585739320823
303,Canada,50,62.96783780105873,-125.53136311330664
304,Canada,44,68.25507565811225,-122.0918190476018
305,Canada,41,68.71484904386541,-131.72703600411745
306,Canada,22,46.67557581818182,-63.398055500000005
307,Canada,111,50.39293130319189,-125.8181500186076
308,Canada,50,58.47082757817742,-116.44594300578574
309,Canada,70,54.94353098168404,-117.63139323678696
310,Canada,102,51.392820309316335,-113.15065068963249
311,Canada,71,55.38379309641798,-112.37559815764794
312,Canada,107,52.85495795569118,-107.94846719284662
313,Canada,100,51.812186855815305,-103.770516136449
314,Central African Rep.,1,8.482471660036197,24.13481045140759
315,Central African Rep.,1,5.150326993294854,19.31878629772848
316,Central African Rep.,1,6.288773525037172,15.467578039204028
317,Chad,2,11.989788707080542,20.77346481769293
318,Chad,6,9.824515530123712,14.990365306141715
319,Chad,1,16.195271061992386,22.28812068956742
320,Chile,43,-18.6604471771426,-70.3358123771643
321,Chile,82,-20.21823048272067,-69.78423562523227
322,Chile,84,-38.87305473693944,-72.4185291435055
323,Chile,71,-36.70023551259271,-75.31258151517122
324,Chile,49,-39.97516306590101,-72.90107996397352
325,Chile,145,-41.79499128605873,-73.34672437158713
326,Chile,143,-45.91899576434851,-72.43444851024935
327,Chile,82,-52.14389914940539,-71.81178491009489
328,Chile,141,-23.238451672361283,-69.4936218286905
329,Chile,127,-27.420206285477867,-70.75492066123053
330,Chile,102,-30.373706817994368,-72.01064030245692
331,Chile,63,-33.58118754315474,-70.84755608049097
332,Chile,80,-32.86753509178506,-71.62951237016604
333,Chile,70,-35.51058455732365,-71.6866787064324
334,Chile,48,-34.39088958751727,-71.33626820845483
335,Chile,43,-36.514907277498,-72.29044484223904
336,China,77,43.02885110751663,84.79903304241007
337,China,53,30.590983418651625,87.8650501947099
338,China,58,39.952440356151776,109.29530733129502
339,China,30,36.65054662134487,99.04218283903968
340,China,70,29.324748467239363,108.47685965245672
341,Clipperton I.,1,8.638649412570828,-113.08303873131766
342,Colombia,74,1.5452601789562046,-78.06094590517564
343,Colombia,30,0.7829040147991763,-76.6086539420452
344,Colombia,68,6.721850785260039,-75.51081321669133
345,Colombia,63,8.895112544267429,-75.47953336604024
346,Colombia,56,10.32049207268885,-75.02418486355613
347,Colombia,38,10.229534433649052,-74.34083600107442
348,Colombia,30,1.4519362605207458,-75.04059606828599
349,Colombia,56,3.033188596049355,-75.21955380295087
350,Colombia,32,5.30395040625,-75.40032471875
351,Colombia,49,5.238868116640817,-72.21006548612615
352,Colombia,77,3.703109665403929,-73.1973109838794
353,Colombia,51,6.681227915310579,-73.39142205956601
354,Colombia,68,5.051194577782307,-76.06297455131353
355,Colombia,44,4.149700887214144,-75.0800732262323
356,Colombia,64,4.800031100892737,-74.09821708993815
357,Colombia,36,4.6876207621053645,-71.29841719599665
358,Colombia,34,11.443297029411765,-72.6131584117647
359,Colombia,30,9.3987014,-73.54631056666668
360,Colombia,37,7.828411432432433,-72.78611397297297
361,Colombia,38,5.6954571052631575,-73.35744071052632
362,Colombia,44,2.417342473219985,-76.60331550225641
363,Colombia,58,3.959609513299726,-76.33512582285329
364,Comoros,1,-11.276492758530395,43.02937594972167
365,Congo,4,0.7436229367142495,16.342407784037057
366,Congo,5,-3.987259270177037,13.90802877291361
367,Cook Is.,3,-18.216418242974274,-159.14663287413882
368,Coral Sea Is.,2,-20.486422199243705,155.49805540325315
369,Costa Rica,9,8.258414409973078,-86.04194473040543
370,Croatia,71,46.22706016942608,16.55283952485069
371,Croatia,35,45.74640016637071,17.572207919131888
372,Croatia,92,43.43227115686286,16.691739204284254
373,Croatia,46,45.98651223104952,15.935392818419732
374,Croatia,54,45.77779085185185,16.006571314814813
375,Croatia,77,45.22352547727958,14.61017400788252
376,Croatia,49,43.7542061814636,15.97498420279955
377,Croatia,61,44.70682893736794,15.12962753102957
378,Croatia,45,45.73799771111111,16.961930955555555
379,Croatia,48,45.57115793490545,18.53717027682972
380,Croatia,75,45.18710151695598,13.890850432724283
381,Croatia,45,42.84424335093127,17.541851715879474
382,Croatia,70,45.40863284277176,16.362761948964664
383,Croatia,59,45.33195708239109,17.735120462544785
384,Croatia,45,45.34767655555556,15.46156597777778
385,Croatia,110,44.23707736686919,15.65890979632784
386,Croatia,35,45.1827673752709,18.88505246212692
387,Curaçao,136,12.135219727941177,-68.86219658823529
388,Curaçao,100,12.28260557,-69.0920021
389,Curaçao,282,12.15231724822695,-68.95354462411348
390,Curaçao,242,12.124463698347109,-68.90479068181818
391,Curaçao,154,12.096121525974024,-68.85016047402597
392,Curaçao,23,12.355694347826088,-69.13662517391303
393,Curaçao,61,12.21294075409836,-69.03206124590164
394,Cyprus U.N. Buffer Zone,1,35.1124816533776,32.80348303188464
395,Cyprus,1,34.997600623300386,32.95411842866338
396,Czechia,65,50.507414921030616,13.866569516027884
397,Czechia,46,50.66184328260869,14.983915847826086
398,Czechia,42,49.21955567050013,17.70600007259017
399,Czechia,98,49.41338921469054,15.66547705716566
400,Czechia,82,50.04568383351849,14.944778197516609
401,Czechia,90,49.92777562204525,14.135002687713442
402,Czechia,35,50.15460024819998,12.780887916128066
403,Czechia,91,49.60480843914624,13.24457192088892
404,Czechia,125,49.109780403682045,14.457630181571904
405,Czechia,69,50.35004570615187,15.840258360769038
406,Czechia,56,49.72641496731522,17.158755489493576
407,Czechia,60,49.903583662824765,16.117959510883757
408,Czechia,77,49.797247158287306,17.928408305405412
409,Czechia,82,49.08395259517789,16.606273075612336
410,Côte d'Ivoire,11,3.971119538921709,-6.850777310159443
411,Côte d'Ivoire,16,6.162982523060327,-3.9118872817006594
412,Dem. Rep. Congo,41,1.7450929949607594,26.77706306232603
413,Dem. Rep. Congo,31,-3.2289033242445586,28.39742431340257
414,Dem. Rep. Congo,34,-9.23846798267543,27.148472878830443
415,Dem. Rep. Congo,34,-1.5335691832032106,28.1662333347317
416,Denmark,165,55.4358252145276,8.986283754680402
417,Denmark,98,55.20674444209914,10.212550491257176
418,Denmark,216,56.204751453938336,9.165452687254716
419,Denmark,33,56.43071733333333,10.49146496969697
420,Denmark,112,57.11951737745118,10.1266719256083
421,Denmark,76,56.915159127263415,8.941372153303893
422,Denmark,119,55.45945793119123,11.386977763869236
423,Denmark,118,55.14256715566684,11.951548859693755
424,Denmark,105,55.6890967909047,12.919485852096596
425,Djibouti,7,11.396824284828048,42.444826453867606
426,Djibouti,7,12.156327186680546,43.29569472431675
427,Dominican Rep.,101,18.534134782178217,-69.91578178217821
428,Dominican Rep.,175,18.503876548571423,-69.83273284571428
429,Dominican Rep.,52,18.47161957692308,-69.73194221153845
430,Dominican Rep.,56,18.452947089285715,-69.64408178571429
431,Dominican Rep.,96,18.494603479166667,-70.01304110416667
432,Dominican Rep.,60,18.4817311,-69.90878371666666
433,Dominican Rep.,91,18.47125489010989,-69.96255313186813
434,Dominican Rep.,85,19.41334465882353,-70.7165610117647
435,Dominican Rep.,165,19.44698049090909,-70.63550081818182
436,Dominican Rep.,118,19.48860883898305,-70.71032089830508
437,Ecuador,61,0.8178149821447255,-79.55101372990032
438,Ecuador,30,0.6462568,-77.87990156666666
439,Ecuador,50,-2.0333365005655004,-81.70695804955255
440,Ecuador,93,-0.701826148623352,-80.4160948569635
441,Ecuador,34,-2.4712140996389125,-79.1757416377272
442,Ecuador,32,-1.3097233125,-78.56931584375
443,Ecuador,49,-0.7936577657398258,-77.80144928650861
444,Ecuador,40,-1.89548303190326,-78.80108222100304
445,Ecuador,31,-1.7055211916593864,-79.05386997031644
446,Ecuador,34,0.4517174318965695,-78.23803278830684
447,Ecuador,38,-0.8562228164535979,-78.81231757580072
448,Ecuador,40,-1.3461296,-79.53078980000001
449,Ecuador,53,0.0085252447906484,-76.75799354270036
450,Ecuador,69,-0.1673740796455566,-78.5304847011055
451,Ecuador,47,-0.2208404310951791,-79.23890248105411
452,Ecuador,50,-0.4799861927540487,-77.05926482157098
453,Ecuador,50,-1.510133741772735,-77.93113869112089
454,Ecuador,40,-2.538311525866806,-78.25808532635983
455,Ecuador,41,-3.2103156585365853,-79.08699634146342
456,Ecuador,64,-4.098537159998381,-79.6538262359974
457,Ecuador,54,-3.5462053300456384,-79.91288402041882
458,Ecuador,68,-2.046010306283386,-79.7958902593759
459,Egypt,1,22.746028076245068,34.14170460729849
460,El Salvador,1,10.180592380931714,-90.43883199765868
461,Eq. Guinea,12,-0.5611343801940988,5.38928752396204
462,Eritrea,1,12.65136325085608,42.45589272563936
463,Estonia,65,58.33088459283669,25.54533823405493
464,Estonia,105,58.4022169359061,24.50995513346476
465,Estonia,85,59.27518208691967,26.35958589563831
466,Estonia,80,58.370358546388005,22.515096142498518
467,Estonia,45,58.9116586095779,22.590781787635716
468,Estonia,78,58.92330311188845,24.7068213336387
469,Estonia,60,58.95873470018783,25.69887653942892
470,Estonia,44,57.93446204935417,26.1780594522811
471,Estonia,41,57.749133486109415,26.858556919326247
472,Estonia,78,59.2253218945524,27.33856184266084
473,Estonia,46,58.05505804347826,27.13460902173913
474,Estonia,54,58.36026097699199,26.711029447835305
475,Estonia,62,58.70370730667796,26.45542503019973
476,Estonia,69,58.9117517110051,23.72876691724391
477,Estonia,127,59.32207787376994,24.879109174150585
478,Ethiopia,30,6.546400487519488,37.32863563326407
479,Ethiopia,39,10.134392710594891,41.91593722317468
480,Ethiopia,34,11.602675601735704,38.4384346842973
481,Ethiopia,75,7.739661028808355,39.01249874496045
482,Faeroe Is.,77,62.46669970980995,-7.137725675466531
483,Faeroe Is.,97,62.18621020213564,-7.030175924296065
484,Faeroe Is.,24,61.82742756202575,-6.635528285250884
485,Faeroe Is.,64,62.438874152609074,-6.539155238308131
486,Faeroe Is.,54,62.25242146574515,-6.478658802589946
487,Faeroe Is.,37,61.56767452458372,-7.086826975446496
488,Faeroe Is.,78,61.53899152564103,-6.818697384615384
489,Faeroe Is.,57,61.332089183161166,-6.84292749637104
490,Faeroe Is.,46,61.48235613043478,-6.803063195652173
491,Faeroe Is.,81,62.1961137654321,-6.792228481481482
492,Faeroe Is.,61,62.12201436065574,-6.796267327868853
493,Faeroe Is.,28,62.086381107142856,-6.710787214285714
494,Faeroe Is.,89,62.07736747191011,-7.184281674157304
495,Faeroe Is.,44,62.07271404871469,-7.586493302151916
496,Faeroe Is.,123,62.01864045528456,-6.836180650406504
497,Faeroe Is.,47,61.86095719148936,-6.84738285106383
498,Faeroe Is.,25,61.80991344,-6.7318441600000005
499,Finland,71,67.31123951419566,24.424939129685
500,Finland,80,67.81729145109313,27.5910905359122
501,Finland,77,63.079706446410015,23.425191008723697
502,Finland,72,63.13096210631314,27.54062349928772
503,Finland,80,61.91971896964371,27.914025519342346
504,Finland,80,62.47033603888959,25.45994467065745
505,Finland,65,61.673234824744064,23.714844686828247
506,Finland,32,60.94010171314975,24.25194742995737
507,Finland,135,64.87497361437461,26.484900057356302
508,Finland,72,64.49589969273238,28.52522042216269
509,Finland,67,62.85647290584419,30.030476097509183
510,Finland,88,61.07368723447448,27.00592219990853
511,Finland,93,60.35254809494366,24.74500013053225
512,Finland,81,60.48864018462758,22.486103941791697
513,Finland,46,61.59162875816356,22.003442678377752
514,Finland,64,63.02606552148596,22.10090126633281
515,Fr. Polynesia,20,-16.350236812045644,-143.7591571378058
516,Fr. S. Antarctic Lands,4,-18.632358071504683,41.79837323629026
517,France,5,3.976372302176594,-52.9730377796807
518,France,37,50.03368715589352,3.4157619023507166
519,France,45,45.64131394285573,5.319250477828584
520,France,54,46.751172017635135,4.740847366181152
521,France,66,43.94245197734805,3.396079433296193
522,France,64,45.50102083843271,-0.9208294346554652
523,France,43,47.49637999977122,-2.4626246764128497
524,France,46,48.12201348768591,-3.8712538331941455
525,France,54,48.76152921925554,-1.059886238698444
526,France,47,48.761213804993936,0.7605454595208981
527,France,59,49.19730276622564,1.9399901023509023
528,France,33,50.22339923300475,2.188201147470507
529,France,57,48.98868820869614,5.961296327893161
530,France,23,33.84793063911949,14.64701874798454
531,France,54,46.40215238102833,1.4132656602727267
532,France,48,45.40625104987689,1.283944563832585
533,France,46,44.705817694687845,3.124713409206771
534,France,44,47.62631918262525,1.6284493664914377
535,France,34,47.69269404092837,-0.2359048594644533
536,France,42,47.80651127626295,4.797089147532104
537,France,41,48.7565318523985,3.4165270316060097
538,France,40,45.61101902874655,3.534080024685583
539,France,33,47.51926122729274,3.564300345565744
540,France,38,48.11989648410258,6.810619421862231
541,France,31,46.60891761459175,0.0086727884539145
542,France,60,43.84727310294445,6.335991828362908
543,France,39,44.95232488799377,6.323953408802051
544,France,39,43.55094537433097,-0.8373990365081224
545,France,53,43.77035117386124,0.6370633623868858
546,France,46,43.21873348831181,2.7565095596732667
547,France,37,42.56998140135718,1.9227610996086864
548,Gabon,11,-1.2643375064188211,11.096002899617496
549,Gambia,3,13.357599788691363,-16.088359562887508
550,Georgia,22,42.22399962202406,42.20666962165407
551,Germany,63,51.01599628156679,13.352579999093576
552,Germany,109,48.33294782827374,11.640863464938487
553,Germany,99,52.479420212442,13.442854642127497
554,Germany,70,53.7850884375754,12.538366977937354
555,Germany,50,50.48160467644272,8.932654563682773
556,Germany,46,50.87565725129429,11.032238014661257
557,Germany,52,52.06091475717975,11.695242443319668
558,Germany,74,49.7603898843527,10.797589455377814
559,Germany,123,49.835370418484345,6.89935873772695
560,Germany,63,54.18085990342215,9.63553758262891
561,Germany,91,53.064122681114526,8.170168252921323
562,Germany,66,52.38528094139299,10.080409828562232
563,Germany,98,51.30050846649314,7.762670391963812
564,Germany,62,51.63838650234746,6.727841764747411
565,Germany,116,48.56165224046165,9.06875047652586
566,Ghana,96,10.556211267770776,-2.336272012767024
567,Ghana,133,9.261482067981074,-1.194426735335482
568,Ghana,88,6.8679978939021655,0.5802711789536137
569,Ghana,54,7.418504985625031,-2.1554291935235343
570,Ghana,104,5.10382043326528,-2.135190886909322
571,Ghana,117,5.335807447612878,-0.9903483379687636
572,Ghana,142,5.660585100776316,-0.0003626956572484
573,Ghana,102,6.8813891042011,-1.75464068453652
574,Ghana,107,6.391754413665596,-1.4618816576356235
575,Ghana,120,6.126681206009857,-0.4566657656546749
576,Gibraltar,89,36.12225653932584,-5.348504011235955
577,Gibraltar,85,36.135963329411766,-5.350598047058823
578,Greece,70,40.31405514425085,21.434897708715297
579,Greece,71,39.558634629912895,20.64981630258973
580,Greece,51,36.627794907771616,26.233156319544303
581,Greece,32,38.7940944226706,25.99267347997546
582,Greece,47,38.499838342954426,20.37896552691068
583,Greece,143,40.655284930075226,22.99163653604972
584,Greece,102,41.090749683365146,25.157097935071437
585,Greece,107,39.499631084511,22.26942147173195
586,Greece,113,38.64895877618997,22.90105064037784
587,Greece,76,37.79947254497336,23.632746081059867
588,Greece,127,37.25257450067687,22.417825034273207
589,Greece,90,38.2571476623719,21.60454093849137
590,Greece,72,35.25445013472669,24.90361883943812
591,Greenland,17,70.48911711764706,-21.96555317647059
592,Greenland,38,65.64072736842105,-37.0583507368421
593,Greenland,74,67.00958706756757,-50.67539871621622
594,Greenland,29,66.98280913793104,-50.90608851724137
595,Greenland,39,66.92149761538462,-53.58011251282052
596,Greenland,16,65.4915913125,-52.9849726875
597,Greenland,67,68.61894111940298,-52.69257828358209
598,Greenland,53,64.17442960377359,-51.73668573584906
599,Greenland,42,64.23607804761905,-51.40182795238095
600,Greenland,31,60.99818029032258,-45.43084509677419
601,Greenland,35,61.16416877142857,-45.41423714285714
602,Greenland,45,61.15445986666667,-45.55253988888889
603,Greenland,38,65.64089597368421,-37.728058
604,Greenland,26,60.91329084615385,-46.05051930769231
605,Greenland,48,60.720172958333336,-46.0387480625
606,Greenland,22,61.769977363636364,-49.33285963636365
607,Greenland,41,63.53497158536585,-51.085965560975616
608,Greenland,43,64.19144804651162,-51.69523872093024
609,Greenland,57,70.57821129824562,-52.14506219298246
610,Greenland,94,69.15686837234043,-51.75334137234043
611,Greenland,39,73.16311282051282,-56.26359258974359
612,Greenland,16,77.547503125,-69.5780093125
613,Greenland,64,67.0977169375,-50.27121348437501
614,Guam,52,13.584713442307692,144.85681342307691
615,Guam,53,13.53681775471698,144.84448335849055
616,Guam,62,13.367000903225806,144.75501854838708
617,Guam,46,13.282082136594829,144.808302585644
618,Guam,53,13.457795660377355,144.68736405660377
619,Guam,75,13.39511316,144.67459116
620,Guam,38,13.310198657894738,144.66467718421055
621,Guam,34,13.093257824315234,144.71536604670914
622,Guam,135,13.515176022222224,144.82730912592592
623,Guam,70,13.495563,144.78516757142856
624,Guam,85,13.47076751764706,144.75024348235294
625,Guam,45,13.4395994,144.7664436888889
626,Guam,59,13.43818125423729,144.7975431864407
627,Guam,108,13.53962802777778,144.8872362222222
628,Guam,55,13.47293029090909,144.8189481090909
629,Guam,30,13.411442733333333,144.7429609
630,Guatemala,47,14.240836553191487,-89.92096212765956
631,Guatemala,34,14.669813941176471,-89.46735005882353
632,Guatemala,51,14.561579333333333,-91.1919748627451
633,Guatemala,81,14.172838691358024,-90.96867785185184
634,Guatemala,52,14.125018173076922,-90.33325711538464
635,Guatemala,37,14.573265216216218,-90.74022878378378
636,Guatemala,119,14.61171699159664,-90.51413554621848
637,Guatemala,32,14.60152234375,-89.9496649375
638,Guatemala,43,14.72372158139535,-91.20936960465116
639,Guatemala,59,14.847605050847458,-91.60485766101696
640,Guatemala,33,15.065513363636365,-90.46184336363636
641,Guatemala,76,16.678036355263156,-89.71277601315789
642,Guatemala,59,14.885115915254238,-92.0129466440678
643,Guatemala,41,15.40186082926829,-91.67232863414634
644,Guatemala,44,15.064384045454544,-91.05384477272727
645,Guatemala,65,15.553123569230769,-90.19260381538462
646,Guatemala,50,15.574127699999998,-88.8832449
647,Guatemala,46,14.93176558695652,-89.88271141304348
648,Guatemala,32,14.404144656700302,-91.80369893535412
649,Guernsey,1,49.45720449645387,-2.7310499860762434
650,Guinea-Bissau,1,12.244439530657004,-14.64777923419237
651,Guinea-Bissau,7,10.32638462127698,-17.72011001860066
652,Guinea,1,10.49027564347118,-10.74897664108832
653,Guinea,11,10.18377822231607,-13.500364512109444
654,Guinea,1,8.682713243666754,-8.909960694778846
655,Guinea,1,12.070186497824722,-8.986024916040833
656,Guyana,7,2.403348554450452,-58.753538270449376
657,Guyana,2,6.834948671466876,-58.90337545222023
658,Hong Kong,124,22.51383713709677,114.15222346774192
659,Hong Kong,73,22.2720117260274,113.9413627671233
660,Hong Kong,53,22.385164377358493,113.9715224528302
661,Hong Kong,104,22.44264117307692,114.0040588076923
662,Hong Kong,96,22.4571990625,114.07523990625
663,Hong Kong,74,22.251907378378377,114.18115747297296
664,Hong Kong,64,22.32404634375,114.15443821875
665,Hong Kong,56,22.30152357142857,114.202355625
666,Hong Kong,81,22.359280654320987,114.08783967901232
667,Hong Kong,73,22.44930767123288,114.19856990410958
668,Hong Kong,70,22.38993172857143,114.20347644285714
669,Hong Kong,84,22.350923583333334,114.27331542857142
670,Hong Kong,44,22.317218704545454,114.23324011363636
671,Hungary,59,47.9944049694939,22.01189093877568
672,Hungary,50,46.73895072041744,20.992355196157924
673,Hungary,76,48.178608868252326,20.965760419250035
674,Hungary,65,47.870034426849685,19.96126241555137
675,Hungary,71,47.35902820948077,18.4838704031789
676,Hungary,86,47.44018234793383,19.350792396499344
677,Hungary,53,47.25890246600487,20.365084946731663
678,Hungary,58,47.11073351099851,17.64864344297216
679,Hungary,39,46.52566200657969,18.582399269773248
680,Hungary,49,47.47869851020408,19.103919387755106
681,Hungary,63,47.46462469082668,21.485937780003923
682,Hungary,47,46.422659038374846,20.238514730122727
683,Hungary,67,47.65836794931232,17.256080646315826
684,Hungary,39,47.12088726002501,16.742858725261904
685,Hungary,81,46.57643234885744,19.363098814586444
686,Hungary,34,46.65876116729055,16.849608407143084
687,Hungary,58,46.447592253038536,17.62641073522007
688,Hungary,51,46.04620690541225,18.21067816979601
689,Iceland,146,65.15479203943774,-14.280024414478376
690,Iceland,62,64.67443482258065,-15.878079129032258
691,Iceland,42,63.69900688095239,-18.46762883333333
692,Iceland,140,64.00503672857144,-20.568044692857143
693,Iceland,59,64.07086611864408,-21.97920272881356
694,Iceland,147,64.82950321088435,-22.053080115646257
695,Iceland,138,65.70764007246376,-22.588146260869568
696,Iceland,121,65.5761110909091,-19.9021988677686
697,Iceland,149,65.83446265100672,-17.097098704697984
698,India,46,31.563127693784587,77.53158877051862
699,India,33,26.051353645324436,93.33998886419522
700,India,71,15.895168742736738,80.10985675689271
701,India,44,20.510799345912258,84.35537097920243
702,India,143,19.475646190182815,76.08312333813986
703,India,103,14.690723985624537,76.11851735148255
704,India,94,11.092956310991497,77.92342203510253
705,India,4,9.828594284832027,91.87088649195115
706,India,58,22.468130780783948,83.7212787911208
707,India,30,29.05212009275474,76.55459918595609
708,India,128,23.55187684148081,78.22433220884054
709,India,47,17.899581514415722,78.97308487586811
710,India,61,24.455842984280533,88.0877720469184
711,India,53,26.3747082653138,91.86024450119646
712,India,37,30.949965396028727,75.47821271028762
713,India,81,26.26349676231,72.57529152735759
714,India,99,26.99268394492582,75.59202401245514
715,India,97,22.39541562643485,72.04502980182978
716,India,43,25.76955494640907,85.36803460080196
717,India,139,27.081578164457174,80.34406712402436
718,Indian Ocean Ter.,63,-11.86194438594804,96.67775180389802
719,Indian Ocean Ter.,40,-12.290856395917752,96.45246712780136
720,Indian Ocean Ter.,41,-10.421464756097562,105.68379704878048
721,Indian Ocean Ter.,30,-10.429322566666666,105.684641
722,Indian Ocean Ter.,64,-10.431230234375,105.671208640625
723,Indian Ocean Ter.,27,-10.432385962962964,105.66348892592592
724,Indian Ocean Ter.,41,-10.44284712195122,105.69565114634146
725,Indian Ocean Ter.,61,-10.496714491605996,105.81644199129036
726,Indian Ocean Ter.,83,-10.489013530120484,105.67605354216867
727,Indian Ocean Ter.,53,-10.500427113207548,105.6452264528302
728,Indian Ocean Ter.,25,-10.5140138,105.62881864
729,Indian Ocean Ter.,53,-10.47883366037736,105.61336260377358
730,Indian Ocean Ter.,32,-12.19118390625,96.83284225
731,Indian Ocean Ter.,29,-10.47482324137931,105.57711413793103
732,Indian Ocean Ter.,29,-10.586896073071022,105.19734257232405
733,Indian Ocean Ter.,58,-10.771967501339764,105.63802857309445
734,Indian Ocean Ter.,41,-12.442122881388478,96.79928265271046
735,Indian Ocean Ter.,37,-12.23834957285306,97.42188322281793
736,Indian Ocean Ter.,34,-10.429520911764705,105.70330752941176
737,Indian Ocean Ter.,31,-10.364192074370829,105.78071142509349
738,Indian Ocean Ter.,21,-10.416008523809523,105.68947057142856
739,Indian Ocean Ter.,113,-10.41931285840708,105.67654963716814
740,Indian Ocean Ter.,33,-10.425740878787876,105.67824727272728
741,Indonesia,54,0.9300927617542932,117.26882715086452
742,Indonesia,89,-9.328058939400629,122.53207650986572
743,Indonesia,22,1.3347839383320277,128.29972822542211
744,Indonesia,18,1.1875784463290766,104.40551027709851
745,Indonesia,37,0.635087081081081,101.53741337837836
746,Indonesia,54,0.8054914157345379,123.70159313258318
747,Indonesia,47,-2.7814082158909725,102.3095049979602
748,Indonesia,37,-3.4057162587203558,104.07415410271643
749,Indonesia,38,-4.989480376449885,104.93636220445262
750,Indonesia,35,-0.6336081576627287,100.42932347093053
751,Indonesia,70,2.47110400704917,98.76685629751798
752,Indonesia,31,-1.967381104685046,113.385781469251
753,Indonesia,50,0.0016772403990815,110.62421286633636
754,Indonesia,37,-3.2689001647699074,115.42149354643917
755,Indonesia,50,-8.670997859676069,115.03555638017636
756,Indonesia,23,-2.2600222052678856,106.6704310258975
757,Indonesia,12,-5.012065611543943,137.08543878864296
758,Indonesia,110,-7.651590781270272,112.58572635596629
759,Indonesia,72,-8.998951423966455,117.61803248073744
760,Indonesia,71,-4.312852042644807,120.28123383920428
761,Indonesia,95,-7.46002641555601,110.42034230335268
762,Indonesia,85,-6.778752756439798,107.20260904931509
763,Indonesia,87,-2.321740504592011,121.16598690487189
764,Iran,10,37.77940704151198,45.84224701326717
765,Iran,1,31.717996907120565,53.48570037186846
766,Iraq,14,35.83061328222448,43.4218533790398
767,Ireland,84,55.00988548865786,-7.960829848402495
768,Ireland,44,53.97333011700511,-7.876769411501447
769,Ireland,69,52.06559353700283,-9.887295652811453
770,Ireland,47,52.46194394874462,-8.72863468407493
771,Ireland,44,52.83567054545454,-9.044284886363636
772,Ireland,86,53.34364290241168,-8.964797085108016
773,Ireland,81,53.99828759228892,-9.486982736714898
774,Ireland,68,53.91358474681934,-8.416469691585725
775,Ireland,39,53.66555923076923,-6.691402128205128
776,Ireland,54,53.07872819927943,-7.4414341806614335
777,Ireland,31,52.84140661826002,-8.049889107393668
778,Ireland,62,53.785615246563694,-7.371827445049859
779,Ireland,31,54.0674106648944,-6.743105354287401
780,Ireland,45,53.25481662798537,-6.56953351830821
781,Ireland,41,52.89341263966807,-6.468051443244844
782,Ireland,42,52.39317252383147,-6.563699810077806
783,Ireland,32,52.570127125,-7.22624971875
784,Ireland,58,52.29405140477283,-7.726309957175775
785,Ireland,130,51.79457353016547,-8.864612745957025
786,Isle of Man,130,54.165765661939005,-4.506025953155565
787,Isle of Man,86,54.20642222093024,-4.427348686046511
788,Isle of Man,148,54.15712644594594,-4.607767756756757
789,Isle of Man,152,54.12090315789474,-4.674763914473684
790,Isle of Man,49,54.08553618367347,-4.744383387755102
791,Isle of Man,132,54.26868632575758,-4.592256727272727
792,Isle of Man,133,54.36458166298066,-4.46159318409015
793,Isle of Man,66,54.32462586363636,-4.411026090909091
794,Isle of Man,45,54.2848438,-4.355764844444445
795,Isle of Man,61,54.25136459016393,-4.492723196721311
796,Israel,28,29.986343512618127,35.01610497110102
797,Israel,109,31.113661746635948,35.083290938600776
798,Israel,79,32.08554424206199,34.81392787007093
799,Israel,45,31.453589355555557,34.715437666666666
800,Israel,56,31.68332814194309,34.681142775695314
801,Israel,168,32.7258891069422,35.29948994612818
802,Israel,73,32.998788383561646,35.550031767123286
803,Israel,137,32.629146788884285,35.01070809330026
804,Israel,99,32.24735662658386,34.91613468541456
805,Israel,128,31.929904046875,34.85018153125
806,Israel,56,31.761524767857143,35.13569182142857
807,Italy,30,45.87976175523476,8.191909909469796
808,Italy,44,45.836925434631546,9.15017693608941
809,Italy,33,46.076039864767374,12.3507777544416
810,Italy,51,45.83639126165839,12.53271015618412
811,Italy,38,45.473869833202215,10.850281378932609
812,Italy,61,44.65001500907904,11.105931664782554
813,Italy,37,42.91816080845221,13.21969382299836
814,Italy,31,42.29305631229452,13.74095774618756
815,Italy,53,41.5466397099365,14.137991731152244
816,Italy,71,41.07198719180843,15.167478003344636
817,Italy,49,40.75518362102132,16.20316261181841
818,Italy,73,40.11552774779019,17.10155547033338
819,Italy,49,46.41444171549238,11.32824414070082
820,Italy,55,38.559306566712536,16.50942943718531
821,Italy,62,42.12855462955227,12.289376861982896
822,Italy,36,43.129875355966114,11.194780808623886
823,Italy,47,44.41119575066633,10.33715669764858
824,Italy,59,37.23379907034542,13.352703994345466
825,Italy,64,37.64364873477279,14.560784788709244
826,Italy,61,40.322026029560966,8.711916181666629
827,Italy,49,39.77763136276096,9.474105576612748
828,Italy,48,43.43079490642426,12.058619141703192
829,Italy,62,44.82307297378232,9.05465463695766
830,Italy,56,44.72082721008355,7.541861137138546
831,Italy,84,43.9942595556312,12.505824470574794
832,Italy,44,43.948401436467634,12.522781036357047
833,Italy,26,43.93323476923077,12.482001653846153
834,Italy,28,43.92746639285714,12.500670071428573
835,Italy,97,43.89369662886598,12.49492993814433
836,Japan,78,32.15859468392772,131.0210022372001
837,Japan,83,33.128237666426806,130.3682982849836
838,Japan,46,39.22672180628642,140.2660995014207
839,Japan,62,40.11437359574782,141.13954604666375
840,Japan,71,37.81834356880979,140.48167091936156
841,Japan,34,36.27169466806537,140.3198572520599
842,Japan,32,35.52414129056553,140.226981407526
843,Japan,37,35.21578283423349,139.51714417833102
844,Japan,51,35.21882687091727,138.6665776954478
845,Japan,60,35.66917110691493,137.66859765658836
846,Japan,104,43.35462570846603,142.51472258295215
847,Japan,20,26.57039681047876,127.44012531045604
848,Japan,57,33.69343051470097,133.5062280139999
849,Japan,44,36.586386833099056,139.43314444106886
850,Japan,38,35.2043629090858,133.0126502335473
851,Japan,58,34.36615934286739,132.42414888885418
852,Japan,64,34.90790942416303,134.34268538903893
853,Japan,73,34.5356187287684,135.78935599904418
854,Japan,50,35.60375309654594,136.59719707972613
855,Japan,30,36.7408428742054,136.98440100013124
856,Japan,38,37.60433852639746,138.82745094103947
857,Jersey,134,49.23292732089552,-2.1055337014925377
858,Jersey,131,49.19653152671756,-2.1952616488549617
859,Jersey,133,49.18215590977443,-2.0625078721804515
860,Jersey,184,49.228868733695656,-2.1587136467391304
861,Jersey,151,49.214480112582784,-2.048801523178808
862,Jersey,153,49.198343267973854,-2.109886699346405
863,Jersey,114,49.23665306140351,-2.2158402807017543
864,Jordan,72,31.98494926388889,35.79221786111111
865,Jordan,46,31.58818085438216,35.720475872221655
866,Jordan,19,30.529151736842103,35.79567510526316
867,Jordan,225,31.94628695687028,35.92558615636511
868,Jordan,38,31.471989842105263,36.04432107894737
869,Jordan,71,31.8137576056338,35.87370898591549
870,Jordan,113,31.13027455981212,35.73017294245586
871,Jordan,78,30.77411770512821,35.650097564102566
872,Jordan,81,30.37643276856979,35.23160308759236
873,Jordan,74,29.621532746161588,35.07070754450147
874,Jordan,65,29.88975929230769,35.22930627692308
875,Jordan,82,30.18138630487805,35.470196475609754
876,Jordan,29,30.519416827586205,35.57464834482759
877,Jordan,40,30.22026875,35.6939597
878,Kazakhstan,118,49.77711399688702,81.44122831028604
879,Kazakhstan,91,43.579583841497936,76.65997205474795
880,Kazakhstan,72,52.79268240099502,64.09121038863671
881,Kazakhstan,97,51.82587278847349,76.41503184220292
882,Kazakhstan,43,50.26612546666781,51.1852006922728
883,Kazakhstan,36,47.51027922222222,52.97963608333333
884,Kazakhstan,142,51.78858929031774,70.17226816416073
885,Kazakhstan,91,49.64609299344367,73.18106778238752
886,Kazakhstan,43,47.21305946346606,74.19504450562867
887,Kazakhstan,30,48.030529114574165,68.27517192373875
888,Kazakhstan,69,44.67474331123012,78.64499832403027
889,Kazakhstan,25,45.91907934201343,80.85225330768846
890,Kazakhstan,80,43.40652310742927,73.72412958766422
891,Kazakhstan,107,42.50063011254359,69.22026066346056
892,Kazakhstan,58,44.07963291670468,52.988855467678434
893,Kazakhstan,54,45.19199257993344,64.91093933161527
894,Kazakhstan,93,49.525055366584006,58.211008658221125
895,Kazakhstan,67,54.47342241566953,69.00228124964922
896,Kenya,131,-1.4469247974998345,36.12715536209064
897,Kenya,38,2.8779132821162605,35.391908599372016
898,Kenya,218,0.3045738128682028,35.821224000603095
899,Kenya,235,-0.9423988591003432,37.78799561284141
900,Kenya,17,2.7280563282814105,38.37348750386857
901,Kenya,41,0.8621511483788884,39.91564106238201
902,Kenya,93,-3.3873711160302635,39.06563444335925
903,Kenya,108,-0.47077288962641,34.56857792404257
904,Kenya,83,0.4837764640721697,34.57875607083258
905,Kenya,136,-0.7294755068447222,36.90884030135584
906,Kiribati,1,7.398521403152813,-158.20502936758712
907,Kosovo,6,42.49004576265742,20.473241142401665
908,Kosovo,1,42.33021326030246,21.314782205340407
909,Kyrgyzstan,47,42.25698724346815,76.94339472149773
910,Kyrgyzstan,53,42.42392462264152,76.13990473584906
911,Kyrgyzstan,19,42.720032404600886,75.79363862811722
912,Kyrgyzstan,59,42.35814859655429,72.75584021344687
913,Kyrgyzstan,86,41.43300493187581,72.25360380496883
914,Kyrgyzstan,105,41.44277130882265,73.04605417261921
915,Kyrgyzstan,64,42.8593195625,74.5945753125
916,Kyrgyzstan,94,42.565435123226656,77.88537052238641
917,Kyrgyzstan,115,41.32238095288887,75.73103472027923
918,Kyrgyzstan,56,41.994112925488025,75.63268040976344
919,Kyrgyzstan,74,40.55237619686788,72.91369295894862
920,Kyrgyzstan,144,42.84220833887635,74.5632867260163
921,Kyrgyzstan,50,42.48846734,73.87946296
922,Kyrgyzstan,30,42.207778366666666,73.38857416666666
923,Kyrgyzstan,21,42.82617141677751,75.29714500707452
924,Laos,63,19.565012349206352,102.23975414285714
925,Laos,74,16.573210108108107,104.76095055405406
926,Laos,93,17.98491541935484,102.68653613978496
927,Laos,179,17.960708675977653,102.62050298324024
928,Laos,174,18.01837822413793,102.62541818390804
929,Laos,119,18.00025831092437,102.5280127815126
930,Laos,179,17.874221162011175,102.64464206703911
931,Laos,75,15.098155066666669,105.83039773333334
932,Latvia,63,57.59361408669215,24.87146653614496
933,Latvia,34,57.54202202941176,26.084525088235296
934,Latvia,45,56.80090129090525,23.452857500981303
935,Latvia,48,56.20370014032273,26.32654749346508
936,Latvia,35,55.921315285714286,26.60203417142857
937,Latvia,42,56.84052805689153,21.67647910506478
938,Latvia,35,57.36847951823648,21.75357345219388
939,Latvia,41,57.36835895767024,22.583432848285437
940,Latvia,50,56.97924926,24.11961078
941,Latvia,56,57.12891882142857,24.90816019642857
942,Latvia,48,57.44420290960792,25.55367926776432
943,Latvia,38,56.487242894736845,27.29008447368421
944,Latvia,54,57.27782918518518,26.81455261111111
945,Latvia,32,56.477805175924445,26.53551346442181
946,Latvia,31,56.82219703225807,26.2392205483871
947,Latvia,45,56.75977610458604,25.47550208721941
948,Latvia,33,57.03942109667249,27.25347501520832
949,Latvia,33,56.52848916464511,27.775115874822244
950,Latvia,30,56.04386413333334,27.540313166666667
951,Latvia,44,56.40015645595973,25.0937791351084
952,Latvia,70,56.64477863840349,22.765278294265784
953,Latvia,54,56.49299958922117,21.497032349140635
954,Latvia,69,56.65611686956522,24.281030492753622
955,Lebanon,267,33.814083711610486,35.88105294382023
956,Lebanon,16,33.4834819375,35.3586284375
957,Lebanon,70,34.33066048571428,35.88785784285714
958,Lebanon,104,33.667866162038074,35.44338008397148
959,Lebanon,95,33.85122548421053,35.57356397894737
960,Lebanon,185,33.91568076756757,35.65763096216216
961,Lebanon,96,33.88320872916667,35.5062951875
962,Lebanon,61,33.89193572601028,35.465343900231275
963,Lebanon,36,33.889554333333336,35.53043286111111
964,Lesotho,60,-29.22284489890129,28.95112733670252
965,Lesotho,52,-28.767673347576075,28.488032843408003
966,Lesotho,31,-29.53747605682185,28.033485661485784
967,Lesotho,120,-29.716753489714986,27.314375055145184
968,Lesotho,66,-30.11039295703967,27.445804748800143
969,Lesotho,45,-30.26289355555556,27.900795466666665
970,Lesotho,135,-28.972573155167712,28.17056023780398
971,Lesotho,46,-30.03339466972764,28.554403047981896
972,Lesotho,82,-29.489578256097563,28.51392418292683
973,Lesotho,112,-29.184965315135845,27.772926249134944
974,Lesotho,77,-29.5380263095081,27.492069350893765
975,Lesotho,70,-29.3526939388493,27.51803774807492
976,Lesotho,63,-29.42143163492064,27.719083746031743
977,Lesotho,47,-29.681165659574468,27.83680536170213
978,Liberia,3,7.517868926146169,-10.161722594881835
979,Liberia,6,2.8385732882426544,-9.32943233044772
980,Libya,1,21.7755851136964,24.375003896462005
981,Liechtenstein,87,47.11277627586207,9.525338724137931
982,Liechtenstein,139,47.17022897841727,9.51548437410072
983,Liechtenstein,74,47.20871187837838,9.505246013513514
984,Liechtenstein,121,47.11991966115703,9.551585966942149
985,Liechtenstein,31,47.06939203225807,9.50190635483871
986,Liechtenstein,51,47.18877562745098,9.543095509803925
987,Liechtenstein,96,47.2103096875,9.525896072916668
988,Liechtenstein,70,47.221534871428574,9.536304114285716
989,Liechtenstein,37,47.238463243243245,9.531686297297297
990,Liechtenstein,45,47.23890226666667,9.522201888888889
991,Liechtenstein,143,47.14819111188811,9.516015762237762
992,Lithuania,102,55.5003514814973,25.643538259385704
993,Lithuania,127,54.77731938283887,25.028370787726065
994,Lithuania,141,55.06774551214448,23.861991575187613
995,Lithuania,41,55.06904073010342,25.98435660836257
996,Lithuania,85,54.23995698541415,24.14141789832484
997,Lithuania,112,55.91229274797798,24.751962334217517
998,Lithuania,62,55.99289141524472,22.111199575170858
999,Lithuania,93,55.66317118486502,21.515034511215003
1000,Lithuania,129,55.94235439155505,23.254333742575124
1001,Lithuania,69,54.724806102648,23.154449588687037
1002,Lithuania,51,55.33627205882353,22.565385392156863
1003,Luxembourg,141,49.83929835460993,5.881830510638299
1004,Luxembourg,105,49.87783779047619,6.12459220952381
1005,Luxembourg,132,50.04833218181818,5.985215537878788
1006,Luxembourg,147,49.70585307373899,6.343757186942561
1007,Luxembourg,263,49.65787994472159,6.135162391363657
1008,Luxembourg,47,49.50117778723404,6.052427
1009,Luxembourg,106,49.598645075471694,5.923954999999999
1010,Macao,68,22.12540572058824,113.55486825
1011,Macao,94,22.140767946808516,113.56429186170212
1012,Macao,121,22.20838763636364,113.54748585950414
1013,Macao,23,22.208551391304347,113.53639195652174
1014,Macao,62,22.13427933870968,113.57865767741936
1015,Macao,112,22.158841526785714,113.55780749107144
1016,Macao,75,22.15911048,113.54520314666664
1017,Macao,99,22.15641595959596,113.56980113131311
1018,Macao,47,22.11613725531915,113.56616961702127
1019,Macao,73,22.182925342465754,113.53578932876712
1020,Macao,78,22.19374947435897,113.53790034615383
1021,Macao,146,22.193729410958905,113.55040230136986
1022,Madagascar,17,-22.275310210323408,46.32123035546966
1023,Madagascar,8,-14.23359175299536,49.53245812749579
1024,Malawi,1,-13.129170715024443,34.19543626251823
1025,Malaysia,125,5.842026961264205,116.5171397276313
1026,Malaysia,62,5.084738321726181,118.2093063263163
1027,Malaysia,67,2.5990298358208954,102.21701071641792
1028,Malaysia,93,1.9456308078886253,103.439162245145
1029,Malaysia,95,3.6519109585856686,102.5245474592091
1030,Malaysia,69,4.972505605275947,103.08543274664017
1031,Malaysia,8,5.115381530121329,115.03560362523218
1032,Malaysia,100,5.9016762400000005,100.44399138
1033,Malaysia,67,5.469103361577662,102.08550312946548
1034,Malaysia,76,4.594729449291423,100.98977287303416
1035,Malaysia,38,4.320049062732948,114.3393593205742
1036,Malaysia,38,2.9726488157894737,112.9389150526316
1037,Malaysia,90,1.887621511111111,111.6174546777778
1038,Malaysia,45,1.3575334222222222,110.38672026666669
1039,Malaysia,57,3.2369558347634024,101.48978028602674
1040,Maldives,7,2.9599051253435453,72.6503978488932
1041,Mali,25,13.537626733387883,-6.985124977780329
1042,Malta,49,35.85973283319943,14.577625671538858
1043,Malta,33,35.880081090909094,14.518933545454544
1044,Malta,57,35.79681253851457,14.509136321947038
1045,Malta,50,35.849654380000004,14.52839106
1046,Malta,46,36.06718139003953,14.1985689959838
1047,Malta,49,36.04977818367348,14.251587918367347
1048,Malta,39,36.031536230769234,14.250386769230769
1049,Malta,57,36.03716119298245,14.297543421052632
1050,Malta,56,35.897190625,14.433672017857145
1051,Malta,40,35.89587025,14.4475965
1052,Malta,36,35.87671019444444,14.4835545
1053,Malta,33,35.84210275757576,14.488273212121213
1054,Malta,50,35.91545514,14.48311744
1055,Malta,40,35.92813115,14.441076874999998
1056,Malta,62,35.93436329032258,14.401013161290322
1057,Malta,83,35.962654373493976,14.357468144578313
1058,Malta,43,35.91644725581396,14.370876488372092
1059,Malta,77,35.882285922077926,14.384642961038962
1060,Malta,75,35.83957075577749,14.412951102121156
1061,Malta,31,35.842094967741936,14.470775322580646
1062,Mauritania,2,16.17153490847165,-14.818840623825494
1063,Mauritania,3,15.844085799131852,-7.68029845664347
1064,Mauritius,9,-18.512921929647657,60.52735892276792
1065,Mexico,78,29.679755962452766,-111.23245114593465
1066,Mexico,77,30.39491183904532,-115.74541765776188
1067,Mexico,57,23.432280629004733,-106.42679532288
1068,Mexico,46,25.954640428346348,-112.206672815863
1069,Mexico,36,20.807711499433832,-89.05119324215053
1070,Mexico,44,19.473152164723587,-96.62836817116592
1071,Mexico,47,20.71392389361702,-103.5227804893617
1072,Mexico,33,17.6175016505314,-99.57876848744304
1073,Mexico,49,16.742319445762078,-96.572765204248
1074,Mexico,45,19.277859172337084,-99.38815885256172
1075,Mexico,32,18.903802629673603,-97.86838396341145
1076,Mexico,49,20.77249383651732,-100.7008238048656
1077,Mexico,85,28.89591300527892,-106.37107547169396
1078,Mexico,36,20.218772228332497,-98.55574798797348
1079,Mexico,45,22.465920696783154,-100.3473060960076
1080,Mexico,48,22.81979161184046,-102.65184203794338
1081,Mexico,46,25.130945286262087,-104.6544598895064
1082,Mexico,65,27.369860928954925,-101.84435832049073
1083,Mexico,40,24.524898067656245,-98.64750295662245
1084,Mexico,39,25.695948254431983,-99.96965925983515
1085,Mexico,44,19.732292681721376,-88.09094878754546
1086,Mexico,67,18.51482467762133,-91.35167060853502
1087,Mexico,48,16.499698841621587,-92.58293272757074
1088,Mexico,50,19.224005500595823,-102.5559544711701
1089,Micronesia,4,9.41738343822918,143.6450053288778
1090,Moldova,3,47.78180123011055,28.040134585576265
1091,Moldova,2,46.75687011083714,29.418568647351197
1092,Moldova,1,46.3083890817461,28.85272441739852
1093,Moldova,1,47.04954181370127,29.12111438830658
1094,Moldova,1,47.345144994780014,28.328775057030555
1095,Monaco,59,43.74287433898305,7.428188915254237
1096,Monaco,150,43.732462553333335,7.417893226666667
1097,Mongolia,105,48.1849415294257,116.00542976023108
1098,Mongolia,48,48.86864428166805,89.77560400348437
1099,Mongolia,103,49.37113112328388,106.20580753330546
1100,Mongolia,67,48.33559638544474,96.71399994382934
1101,Mongolia,72,47.93497488319552,109.99011413491117
1102,Mongolia,110,47.66548482444343,106.43338971660584
1103,Mongolia,64,47.97280002972215,101.18279834114972
1104,Mongolia,87,45.485637977737184,106.23320287733334
1105,Mongolia,30,46.3659755408165,102.70649375254226
1106,Mongolia,67,47.89821279104478,106.90374358208956
1107,Mongolia,70,46.92429728133791,92.37516067653094
1108,Mongolia,86,46.13794652145823,113.38459644930003
1109,Mongolia,90,45.058991340329904,110.01248004843228
1110,Mongolia,44,45.592313479784224,96.61095916838076
1111,Mongolia,53,43.57422251134293,103.05897944869464
1112,Mongolia,102,50.09465778423722,100.22674536899272
1113,Mongolia,41,48.70164498818465,103.79454898428617
1114,Mongolia,54,49.54674155804796,92.98373435254533
1115,Montenegro,70,42.40605567087365,18.68292929152317
1116,Montenegro,82,42.86215397604935,20.009909874940053
1117,Montenegro,58,42.95749472413793,19.316983810344823
1118,Montenegro,68,42.436500654133,18.89671810220261
1119,Montenegro,47,42.79766657446808,19.46478478723404
1120,Montenegro,33,42.56894787878788,19.08904727272727
1121,Montenegro,55,42.664115927272725,19.871131927272728
1122,Montenegro,79,43.28405334177216,19.332426493670884
1123,Montenegro,48,43.051410895833335,19.713151354166666
1124,Montenegro,34,43.11704552941177,19.162877264705884
1125,Montenegro,55,43.13276310909091,18.875660981818186
1126,Montenegro,133,42.77097242857143,18.8870015037594
1127,Montenegro,148,42.48587440540541,19.3168655945946
1128,Montenegro,75,42.09482774666667,19.15673293333333
1129,Morocco,11,35.53424488596816,-4.104219738668495
1130,Mozambique,18,-23.11726095988126,32.50045396168642
1131,Mozambique,2,-17.667931559487123,38.8480223807165
1132,Myanmar,6,25.5423988732384,97.08675516635186
1133,Myanmar,3,11.658469752657458,98.04504844383256
1134,Myanmar,1,18.61808562560691,95.24687130498916
1135,N. Cyprus,3,35.57743250641729,34.63824552784394
1136,N. Mariana Is.,1,14.171327,145.258443
1137,N. Mariana Is.,7,14.997364571428571,145.64081657142856
1138,N. Mariana Is.,97,15.17200525773196,145.77765337113402
1139,N. Mariana Is.,56,15.250035910714288,145.78393173214286
1140,N. Mariana Is.,22,15.2640715,145.7899976818182
1141,N. Mariana Is.,32,15.2794098125,145.806598375
1142,N. Mariana Is.,38,15.264652684210525,145.81210142105263
1143,N. Mariana Is.,94,15.133912308510638,145.72950096808512
1144,N. Mariana Is.,80,15.1253611625,145.7150975375
1145,N. Mariana Is.,51,15.11878468627451,145.70560672549018
1146,N. Mariana Is.,61,15.158905770491804,145.73767367213117
1147,N. Mariana Is.,136,15.167783808823527,145.71368699264704
1148,N. Mariana Is.,145,15.21318011034483,145.72769319310345
1149,N. Mariana Is.,106,15.221432556603771,145.75831681132075
1150,N. Mariana Is.,68,15.19435794117647,145.75452219117648
1151,Namibia,66,-26.382674025380645,17.780405058380357
1152,Namibia,27,-26.37647908459027,19.460948640803863
1153,Namibia,67,-24.86325353731343,17.162395373134327
1154,Namibia,54,-23.999321510998563,16.470227519522854
1155,Namibia,120,-20.322510159373856,17.945970274835123
1156,Namibia,87,-22.368410131946,19.116608413724403
1157,Namibia,82,-22.079833890039907,14.951392234091688
1158,Namibia,63,-23.03595495751197,17.189702362747706
1159,Namibia,35,-18.628099231219945,17.211896268259053
1160,Namibia,53,-28.00970709012023,18.65201090954776
1161,Namibia,61,-27.65682367491403,16.314551182591877
1162,Namibia,82,-19.824376356211847,14.424711351841182
1163,Namibia,48,-17.732275010969886,14.799071075101574
1164,Namibia,44,-17.643027047887706,16.304978024861345
1165,Namibia,46,-17.994094134015317,19.278208251224104
1166,Namibia,51,-17.899910807713333,23.39833695529035
1167,Namibia,64,-24.35439012729072,18.728999645909013
1168,Nepal,80,28.22985771634988,83.90211036342859
1169,Nepal,58,29.22583881790846,80.4462037653038
1170,Nepal,92,28.17060170717408,82.52435865430624
1171,Nepal,81,28.38717675308642,81.61794375308642
1172,Nepal,72,28.939787003673707,80.94754343138732
1173,Nepal,69,27.77233311594203,85.32930347826087
1174,Nepal,115,27.05240523998942,85.89873906709828
1175,Nepal,83,26.78535907809017,86.57353919410757
1176,Nepal,77,26.76503547012796,87.34583673103424
1177,Nepal,76,26.770478425855405,87.87443171519149
1178,Nepal,98,27.202965418367345,85.03581804081634
1179,Nepal,120,27.731897938610427,83.44718050338864
1180,Netherlands,98,53.24640260803258,6.701911378019615
1181,Netherlands,66,52.85653079305606,6.61934506053027
1182,Netherlands,35,52.50650162857143,5.560412142857143
1183,Netherlands,47,52.115675021276594,5.147131
1184,Netherlands,93,52.45493986232326,6.42576158703293
1185,Netherlands,136,52.07491436690846,5.9118558579560965
1186,Netherlands,74,51.17671391126444,5.912480942422558
1187,Netherlands,58,50.78442397019728,2.5446529325902643
1188,Netherlands,144,51.53741373474667,5.192394553148514
1189,Netherlands,97,51.95250213546554,4.519780435750417
1190,Netherlands,102,52.62935174523678,4.864378030585996
1191,Netherlands,88,53.290998650658686,5.669142809317746
1192,New Caledonia,10,-22.036124759916483,164.78701209220372
1193,New Zealand,94,-45.9399287876847,168.03674622921
1194,New Zealand,59,-41.438884537475786,173.73425454789034
1195,New Zealand,62,-39.31641526302637,174.3324730803236
1196,New Zealand,73,-35.512371474356804,173.8826367190194
1197,New Zealand,62,-38.09531149157286,176.65655157997605
1198,New Zealand,49,-38.2782763221829,177.98521031734103
1199,New Zealand,64,-39.53489581188682,176.8232817007797
1200,New Zealand,56,-41.34723713645796,172.7013153639254
1201,New Zealand,79,-42.67868658676017,170.84382732413914
1202,New Zealand,103,-45.42177899094745,169.6706437649685
1203,New Zealand,109,-43.5854902699107,171.87858038561748
1204,New Zealand,69,-36.7996825990374,174.78591218826818
1205,New Zealand,89,-37.95675638538319,175.51925084835017
1206,New Zealand,66,-41.137136918015706,175.3880838983078
1207,New Zealand,78,-39.85481456427462,175.55917039700114
1208,Nicaragua,1,10.838652338353484,-87.04906183635146
1209,Niger,17,14.457409295298977,6.6957641213909405
1210,Nigeria,47,12.0629983920722,5.755363671114195
1211,Nigeria,71,9.63938627685331,5.9096579294189935
1212,Nigeria,59,7.543896318363522,5.953347759350944
1213,Nigeria,38,5.682461184255044,6.121256797509912
1214,Nigeria,56,4.80158998046524,7.237013450269764
1215,Nigeria,41,5.68524968325561,7.124028387180786
1216,Nigeria,59,6.4141060989275696,7.661482600276265
1217,Nigeria,43,6.718088353965129,5.949561324907787
1218,Nigeria,55,10.706122478438765,9.958306227217887
1219,Nigeria,38,9.285936264767622,9.322080998513538
1220,Nigeria,35,8.657196782691363,8.07305460278455
1221,Nigeria,44,7.611333136688825,4.564740090017295
1222,Nigeria,46,8.817259138726186,4.401838617873442
1223,Nigeria,101,10.379070136131254,7.86945380110895
1224,Nigeria,76,11.866497019244722,8.458747544065961
1225,Nigeria,39,9.002956919147753,7.22737714552866
1226,Nigeria,48,6.933839321454862,3.4750276658312047
1227,Nigeria,51,8.143353297521136,3.767665881255899
1228,Nigeria,50,6.347694660119823,3.505596498902945
1229,Nigeria,53,11.446623873834406,10.662487617828344
1230,Nigeria,53,8.860132615302556,11.66035660682486
1231,Nigeria,53,7.368787822352298,8.727524922015007
1232,Nigeria,38,5.962373879831714,8.519763750272485
1233,Norfolk Island,4,-29.959038989985117,165.6533608991885
1234,North Macedonia,59,41.60532571186441,20.88024045762712
1235,North Macedonia,66,41.88115212121212,20.94226003030303
1236,North Macedonia,40,41.96149639416163,21.41773460753112
1237,North Macedonia,41,42.05757037766798,22.395466249973733
1238,North Macedonia,45,42.13692862222222,22.028126155555555
1239,North Macedonia,37,42.1006507027027,21.75258348648649
1240,North Macedonia,40,41.9188649,22.653026025
1241,North Macedonia,55,41.57133643636364,22.17799710909091
1242,North Macedonia,50,41.756966976720726,22.331449052173244
1243,North Macedonia,59,41.74834838983051,21.883459779661017
1244,North Macedonia,46,41.2019693379906,20.836329889652134
1245,North Macedonia,62,41.60097922807174,22.774609961441723
1246,North Macedonia,48,41.361681036135685,22.113511016900222
1247,North Macedonia,70,41.3360331,22.46254831428572
1248,North Macedonia,57,41.338783813792936,21.578732648862367
1249,North Macedonia,50,41.07535607418672,21.2987502284083
1250,North Macedonia,43,42.02409060465117,21.523941674418605
1251,North Macedonia,56,42.007619625,21.461147214285717
1252,Norway,116,69.44182960563427,18.261849493640028
1253,Norway,161,67.1449247923186,14.068569351085875
1254,Norway,44,58.85804850654616,8.208765152022446
1255,Norway,50,58.1716675854785,6.995818699139188
1256,Norway,81,59.07120368970627,5.862391114123523
1257,Norway,68,60.29225219500619,5.6495006833992845
1258,Norway,81,61.48456692811308,6.0286861458178
1259,Norway,97,62.882617252322206,6.807258287821619
1260,Norway,2,78.94465347078676,14.048903525018837
1261,Norway,59,61.28259537146422,9.588956808699688
1262,Norway,8,68.16105273213773,4.410786181616196
1263,Norway,91,64.55067599085207,11.807894575527062
1264,Norway,75,63.27824198326518,10.126366851394431
1265,Norway,79,61.32409351853113,11.54274219704856
1266,Norway,55,59.73911085102532,11.071148556344246
1267,Norway,108,70.08203492155802,26.362327989109776
1268,Norway,73,60.09222631950789,9.403699141869213
1269,Norway,62,59.43656172828343,8.675769283574157
1270,Oman,4,25.95316225,56.1859095
1271,Oman,143,24.12579286713287,56.77465216783217
1272,Oman,47,23.602313340425532,57.72530644680851
1273,Oman,133,22.55157010526316,57.40102328571429
1274,Oman,25,23.2288242,58.28988764
1275,Oman,46,24.36632991304348,55.978166
1276,Oman,89,23.267461752808988,56.38883242696629
1277,Oman,87,18.629961057471267,55.786180954023
1278,Oman,147,17.591718598639456,53.87360672108844
1279,Oman,53,20.18687986792453,57.2663560754717
1280,Oman,67,21.682699985074624,59.16751411940299
1281,Oman,93,22.49089366666667,58.6431801827957
1282,Oman,67,23.269331373134328,58.68883579104477
1283,Pakistan,51,30.700317441630464,70.71005643373039
1284,Palau,4,6.226202878777944,133.96066283049112
1285,Palestine,23,32.04931860414803,35.15090916936075
1286,Panama,60,8.99824383692294,-82.2061752779717
1287,Panama,173,8.425161824852468,-82.36994198449199
1288,Panama,83,7.615653162505045,-80.35166679032731
1289,Panama,59,7.920491661016949,-80.62584944067797
1290,Panama,47,8.74674240425532,-82.63841687234043
1291,Panama,198,8.944023454545453,-79.61476103535354
1292,Panama,33,8.569805478911904,-78.04205795254566
1293,Panama,130,8.424597256125988,-80.43538376815076
1294,Panama,40,8.251428675,-81.420486775
1295,Panama,31,7.893945801701742,-81.35370744610331
1296,Panama,96,8.053134145833333,-80.97372232291666
1297,Panama,56,9.338339375,-79.78337330357144
1298,Papua New Guinea,10,-7.290348526108064,148.97459714756005
1299,Paraguay,36,-23.870321144605345,-57.504345748980526
1300,Peru,58,-17.511958964501215,-70.69245224892866
1301,Peru,53,-10.407909375742102,-72.21698157730609
1302,Peru,76,-8.065936885692157,-78.77201614964508
1303,Peru,53,-6.578872296832159,-79.9871473843022
1304,Peru,53,-13.563715091755585,-71.84787228589876
1305,Peru,59,-14.005546914341885,-73.95130290610263
1306,Peru,34,-13.015832042224543,-74.94850214462555
1307,Peru,64,-6.947530553639045,-76.55118646776846
1308,Peru,69,-9.911105463737089,-75.96147970758807
1309,Peru,60,-11.444119491189516,-75.43235194875756
1310,Peru,65,-4.915519222015283,-75.68785596346466
1311,Peru,73,-6.5621850996596125,-78.81462807233694
1312,Peru,89,-4.895299275602277,-80.64746456363261
1313,Peru,81,-15.578877165954388,-70.02214299753358
1314,Peru,118,-16.279680396662055,-72.6196188905437
1315,Peru,53,-14.476786940293602,-75.94238770811248
1316,Peru,114,-11.920456986239817,-76.83053126989893
1317,Peru,72,-9.466119280043284,-77.89061251034735
1318,Philippines,56,7.711827982142857,125.44767210714284
1319,Philippines,43,7.92659631870847,123.09829266542012
1320,Philippines,42,13.976439071428572,122.05491564285714
1321,Philippines,48,13.439410040244582,123.44952054257408
1322,Philippines,42,14.047585738095238,121.06100164285714
1323,Philippines,33,14.77447241735724,121.03037834824396
1324,Philippines,52,15.292376335902263,120.7804418013518
1325,Philippines,34,15.45624376278406,120.31705489828616
1326,Philippines,35,16.02745047326028,120.29002028515858
1327,Philippines,43,17.069180724279533,120.62598413196253
1328,Philippines,49,18.078962885644664,121.22089884869963
1329,Philippines,5,9.133403,125.1408822
1330,Philippines,43,9.954794819986413,118.68391304775932
1331,Philippines,8,9.1728495,123.37869425
1332,Philippines,32,9.85375571875,124.23838859375
1333,Philippines,10,10.578067765583953,122.42809738091172
1334,Philippines,72,10.116018690796206,123.0279642533102
1335,Philippines,38,10.409670787142288,123.74440080498483
1336,Philippines,54,11.190991434650504,122.49356430898794
1337,Philippines,7,12.374506428571427,122.07567457142856
1338,Philippines,19,12.243484684210523,123.6712214736842
1339,Philippines,23,12.931265273536903,121.01402351379824
1340,Philippines,4,13.38601175,122.20610725
1341,Philippines,34,8.15256806807282,126.17315789308412
1342,Philippines,8,13.793410125,124.242621
1343,Philippines,42,7.758621255967935,124.67058766414006
1344,Philippines,52,6.255353832171001,124.96989718406716
1345,Philippines,37,10.771413015679585,124.9040478689033
1346,Philippines,29,11.990930936255513,125.00244868008588
1347,Philippines,5,11.431635,124.1399382
1348,Philippines,63,16.448706761159986,121.5523895924843
1349,Pitcairn Is.,5,-24.70702004364599,-128.75529962514383
1350,Poland,70,50.29562515462962,19.001184921922206
1351,Poland,84,49.81239000068818,20.34003825637072
1352,Poland,68,54.227549462299805,18.127484388838734
1353,Poland,128,52.32356064666073,21.05184677473661
1354,Poland,73,51.50365934905963,19.377593264116825
1355,Poland,74,52.94689633512055,18.55995053893962
1356,Poland,124,52.27564682932757,17.23704212103781
1357,Poland,39,50.73265505819608,20.80830990168037
1358,Poland,72,50.02599044778165,22.241972493529595
1359,Poland,86,50.99611931979743,16.358206295794425
1360,Poland,31,50.58804371233667,17.985735022187352
1361,Poland,64,53.27801380091501,22.79582088219116
1362,Poland,62,53.79790973032773,20.731322826040905
1363,Poland,36,52.25151262623321,15.322258029201077
1364,Poland,70,53.64390631491786,15.71729099581971
1365,Poland,69,51.28595119508097,22.815498895629453
1366,Portugal,65,38.87916488363928,-7.764417094369179
1367,Portugal,40,41.83959279065285,-8.686500356212305
1368,Portugal,56,39.01727833778415,-9.3073239324461
1369,Portugal,82,39.30414429630235,-8.48383118820265
1370,Portugal,79,39.749924487088855,-8.81392283309702
1371,Portugal,61,40.21617161015028,-8.351677475634318
1372,Portugal,67,40.744798282168354,-8.593189962334517
1373,Portugal,56,41.23352982032284,-8.37482143210505
1374,Portugal,11,32.73682053538992,-16.971395897474505
1375,Portugal,15,38.111452666666665,-26.048959866666667
1376,Portugal,81,40.82234201890896,-7.869628277542857
1377,Portugal,61,39.94796939712807,-7.552008383450469
1378,Portugal,56,40.650188651263726,-7.275317178566778
1379,Portugal,51,41.54430364533327,-6.885355652409035
1380,Portugal,46,41.559205739130434,-7.600655456521739
1381,Portugal,52,41.54002463115536,-8.33129159013252
1382,Portugal,71,37.14404613529942,-8.26939484144228
1383,Portugal,62,37.78949190550641,-8.015577777368263
1384,Portugal,48,38.21830933039624,-8.910137424644086
1385,Puerto Rico,103,18.39744695145631,-66.63113139805826
1386,Puerto Rico,215,18.270676990697677,-65.88583808372093
1387,Puerto Rico,141,18.06660140425532,-67.02352969503546
1388,Puerto Rico,95,18.05949370526316,-66.61996658947369
1389,Puerto Rico,184,18.366191010869567,-66.24554350543478
1390,Puerto Rico,158,18.088178379746832,-66.15176266455695
1391,Puerto Rico,102,18.34663156862745,-67.10178928431372
1392,Qatar,129,25.20696281395349,51.42194068992248
1393,Qatar,186,25.407224193548387,51.23575247311828
1394,Qatar,109,25.118351788990825,51.04682021100918
1395,Qatar,141,25.09038320567376,51.51676396453901
1396,Qatar,86,25.29542323255814,51.51512241860465
1397,Qatar,104,25.49532266346154,51.45226923076923
1398,Qatar,126,25.74738373672376,51.394233421062935
1399,Qatar,63,26.00733863492064,51.25374280952381
1400,Qatar,56,25.449213482142856,51.358453875
1401,Romania,42,47.44312045622591,22.996155588157634
1402,Romania,36,46.28452457184736,21.65686928321258
1403,Romania,37,45.13625886247685,21.964019690167227
1404,Romania,30,47.84501046429365,26.721425108322315
1405,Romania,32,47.17442605523525,27.270932601516893
1406,Romania,42,46.19770007899701,27.76756752881881
1407,Romania,35,47.53916102489921,25.78322410463545
1408,Romania,31,47.61945602362601,23.808464373731063
1409,Romania,38,44.92937046942368,28.790937533966268
1410,Romania,34,46.76338074721853,23.58627657987783
1411,Romania,49,46.83478350787788,24.550020540755614
1412,Romania,55,45.04782582070467,24.506930509081844
1413,Romania,39,46.93110910824923,22.209715875174226
1414,Romania,34,45.76466626470589,22.942959470588235
1415,Romania,48,45.45377742094839,25.70267612619898
1416,Romania,55,45.58315001007601,26.64638711219388
1417,Romania,75,46.06340192958237,23.78799304648813
1418,Romania,52,46.72990400829663,25.949973666013623
1419,Romania,30,46.39519974078637,26.86977640113081
1420,Romania,33,44.87676846781675,27.4028876224966
1421,Romania,44,45.78920364831664,21.306772966565426
1422,Romania,39,44.84546470379963,23.204944040879845
1423,Romania,31,44.15059632547885,23.629097698506133
1424,Romania,40,44.40023879541245,26.55237257323367
1425,Romania,47,44.20702090885684,24.882922418621572
1426,Romania,33,44.56325513131739,25.74186983953196
1427,Romania,32,44.27264930148348,28.292110481666064
1428,Russia,42,50.96470891798276,86.74273901776398
1429,Russia,30,57.21514053428286,29.11509550000678
1430,Russia,68,52.0852104904772,35.47138838664011
1431,Russia,34,50.89327232130252,40.24360888690177
1432,Russia,51,47.81184543549371,41.23067514984989
1433,Russia,93,52.85499298704153,108.27825235592228
1434,Russia,35,51.35981648750308,93.7629914310587
1435,Russia,35,51.28187801462168,113.243419519256
1436,Russia,63,48.22924610875232,132.20615876166107
1437,Russia,51,57.46375428375279,68.62001467705495
1438,Russia,58,54.93978461396188,62.80608784373924
1439,Russia,58,55.59978097807022,73.46371020537312
1440,Russia,53,45.01784029892152,39.4753444396219
1441,Russia,40,54.97301882209401,79.9263627972462
1442,Russia,67,52.7237686606424,82.81175656267003
1443,Russia,34,52.71966808669434,52.45911242508686
1444,Russia,43,51.69945880745322,46.29558396590538
1445,Russia,48,46.779472794916536,46.09586135973012
1446,Russia,45,49.72346051986285,44.29843045342989
1447,Russia,9,44.499703295893,35.816808767248745
1448,Russia,34,58.42601988288608,154.2484929592517
1449,Russia,22,48.80252292807968,142.64974264494643
1450,Russia,149,66.51754985048663,74.07877823843563
1451,Russia,39,43.50316338280138,44.02367092066244
1452,Russia,40,64.29856453360426,53.54220433587501
1453,Russia,60,61.84447300048832,119.02749347160714
1454,Russia,109,63.30482812821849,42.63080662008064
1455,Russia,135,58.98442583403913,92.5426527048233
1456,Russia,48,54.854486929341306,53.67095921641186
1457,Russia,54,58.05519100490306,58.76953876982503
1458,Russia,134,61.56865297892538,71.41080062358294
1459,Russia,31,52.65985029986518,40.39281135597911
1460,Russia,82,58.21759305860935,82.43311858270256
1461,Russia,52,53.74234248028813,45.63496236532115
1462,Russia,60,44.0645513888383,44.92787295912601
1463,Russia,38,54.762294638935145,86.88462526252799
1464,Russia,150,55.58061511211493,103.51640465758156
1465,Russia,40,53.59218396502966,90.05017943602529
1466,Russia,65,57.7430796541197,41.74247026412
1467,Russia,56,55.756149361436734,38.80325282663994
1468,Russia,39,54.157172970592114,39.12819116590835
1469,Russia,39,56.17700610393421,44.20881475401551
1470,Russia,52,57.25014283733212,48.1691622827516
1471,Russia,53,59.95789468262622,40.40290018355621
1472,Russia,35,58.247448644579045,32.4155260006445
1473,Russia,76,68.11641881344785,34.00581595672837
1474,Russia,46,57.11659195439076,35.03441270987909
1475,Russia,95,63.45275670447919,32.98895265023215
1476,Russia,65,59.91364958566,31.290553462855723
1477,Russia,24,54.79634756560336,21.263758487586497
1478,Russia,45,54.71931446551684,34.373013001136975
1479,Rwanda,126,-1.9325586063202032,30.46139871027514
1480,Rwanda,109,-1.431393972477064,30.31520660550459
1481,Rwanda,126,-1.8660689720497967,30.10318017792613
1482,Rwanda,134,-2.324377533079696,29.71861354277697
1483,Rwanda,70,-2.4442067046217724,29.02545911763955
1484,Rwanda,64,-2.05822825,29.413422484375
1485,Rwanda,34,-1.7295518342118847,29.306436401214317
1486,Rwanda,36,-1.6953121388888888,29.527594944444445
1487,Rwanda,46,-1.5955784573536642,29.90190807069855
1488,Rwanda,124,-1.9924913467741936,30.062210701612905
1489,Rwanda,139,-1.945385776978417,30.19900264028777
1490,S. Geo. and the Is.,2,-44.200853237944834,-38.35196330797619
1491,S. Sudan,19,7.2129210858108594,29.98653320469812
1492,Saint Helena,30,-14.756174341513486,-7.961766392936332
1493,San Marino,132,43.968568090909095,12.471773340909092
1494,San Marino,91,43.943652648351645,12.456102406593407
1495,San Marino,72,43.95400231944444,12.478790541666667
1496,San Marino,66,43.924270484848485,12.47254346969697
1497,San Marino,54,43.90987448148148,12.454986777777778
1498,San Marino,39,43.90459602564103,12.41743864102564
1499,San Marino,62,43.91933491935484,12.427259451612905
1500,San Marino,50,43.9456044,12.41158006
1501,San Marino,89,43.92406570786517,12.449951898876405
1502,San Marino,81,43.94320456790123,12.436331580246913
1503,Saudi Arabia,2,24.91875986252528,46.49938585442271
1504,Senegal,34,12.875410391814007,-12.098317280304222
1505,Senegal,80,13.935821507287828,-13.241281029778175
1506,Senegal,50,14.462884488011785,-16.90056613468624
1507,Senegal,123,14.875132669087431,-16.822360206357434
1508,Senegal,39,14.746131910385456,-17.466170128903343
1509,Senegal,123,14.78545697099932,-16.183736054384777
1510,Senegal,83,13.07501922251181,-14.450596359732485
1511,Senegal,58,12.802823061285402,-15.637761906539463
1512,Senegal,70,12.740596123730262,-16.488798550993774
1513,Senegal,90,16.290574161691968,-15.324121277588764
1514,Senegal,67,15.371700417910446,-13.40059410447761
1515,Senegal,62,14.03330799967742,-15.70093490073248
1516,Senegal,63,14.291367660508405,-16.301876918620042
1517,Senegal,105,15.422652059089003,-15.969045638341704
1518,Serbia,53,45.77098491050815,19.4324408572523
1519,Serbia,31,45.85685323957231,20.248072698008485
1520,Serbia,48,44.99277279166666,19.848432729166667
1521,Serbia,41,44.6745732715678,19.543341056591164
1522,Serbia,62,45.43107037096775,19.76652567741936
1523,Serbia,36,45.50710994444445,20.41912961111111
1524,Serbia,54,44.94157724544212,21.02462337186446
1525,Serbia,47,44.61874291386862,21.21647338033382
1526,Serbia,76,44.59503564518065,20.411035525735493
1527,Serbia,45,44.28801482428212,20.907534537161663
1528,Serbia,49,43.37005960063056,21.862708113196607
1529,Serbia,37,43.916499540540535,21.37148335135135
1530,Serbia,43,42.54953762480788,22.061055815436045
1531,Serbia,68,44.02667804411765,20.23208082352941
1532,Serbia,46,44.06278323913043,22.11700797826087
1533,Serbia,44,43.69977284090909,22.111337181818183
1534,Serbia,32,43.14835689740919,22.458271132509893
1535,Serbia,34,42.95395546875308,21.960834465749524
1536,Serbia,54,43.62314423511146,20.572651572053992
1537,Serbia,59,43.3169132397453,21.306992870483448
1538,Serbia,85,43.63040656335083,19.75124385876866
1539,Seychelles,4,-5.34500985213484,51.41733593818103
1540,Sierra Leone,4,7.135947257970827,-14.084870923683752
1541,Singapore,207,1.3269039903381643,103.7167574879227
1542,Singapore,70,1.2942571857142855,103.79784957142856
1543,Singapore,86,1.383773965116279,103.70676229069768
1544,Singapore,139,1.3030710143884892,103.84684351079136
1545,Singapore,102,1.3794073333333332,103.86413465686272
1546,Singapore,101,1.3370675544554456,103.90570725742576
1547,Singapore,85,1.3433130352941176,103.96893674117648
1548,Singapore,54,1.3849367592592594,103.93241414814814
1549,Singapore,137,1.4147634379562044,103.8067174890511
1550,Slovakia,105,49.18457753269405,19.112319054718032
1551,Slovakia,79,49.14770590618759,20.6096127360886
1552,Slovakia,97,49.07005448453609,21.69213792783505
1553,Slovakia,143,48.69140129830735,21.266954906417705
1554,Slovakia,44,48.29609029545455,17.184924272727272
1555,Slovakia,102,48.34720315686275,17.536482352941174
1556,Slovakia,97,48.8571529958649,18.19219790359663
1557,Slovakia,87,48.49757251255226,19.894037271791067
1558,Slovakia,98,48.48555554001677,19.099986002519323
1559,Slovakia,139,48.15548757218151,18.31486655798929
1560,Slovenia,39,45.570267531032925,13.887709204216698
1561,Slovenia,54,46.62809638888889,16.06243725925926
1562,Slovenia,48,46.25356245585298,14.8585229643776
1563,Slovenia,35,45.97622482857143,15.546718114285714
1564,Slovenia,46,46.07757615909734,15.337947673531376
1565,Slovenia,39,45.85580635897436,15.123009897435896
1566,Slovenia,35,45.65836,15.111051171428572
1567,Slovenia,59,45.68154251721344,14.759815880336204
1568,Slovenia,40,45.63636045,14.33694565
1569,Slovenia,60,46.15373135,14.727681616666668
1570,Slovenia,31,46.20116283870968,14.159091032258065
1571,Slovenia,35,46.00631822857142,14.227946714285714
1572,Slovenia,40,46.496062125,16.1653536
1573,Slovenia,33,45.83211093939394,14.319489818181818
1574,Slovenia,52,46.00285982692307,14.651396884615384
1575,Slovenia,37,46.39828218918919,14.07658945945946
1576,Slovenia,66,46.153317267972845,13.682813002802662
1577,Slovenia,46,45.86105015619495,13.890446776527648
1578,Slovenia,34,46.59793644117647,15.711741147058824
1579,Slovenia,41,46.4107787804878,15.626444853658535
1580,Slovenia,49,46.46264546938776,15.285424020408165
1581,Slovenia,66,46.35829004545455,15.108329348484848
1582,Solomon Is.,8,-11.070975233607182,160.39721907795405
1583,Somalia,21,8.109287120931475,49.44918161734455
1584,Somaliland,30,10.350887820340011,45.43568930642955
1585,South Africa,96,-30.71862451164776,22.45965118392192
1586,South Africa,41,-27.7230818424614,23.55178504748593
1587,South Africa,120,-31.91524218006324,27.843193782170307
1588,South Africa,73,-32.99009319110774,24.897028457483604
1589,South Africa,70,-24.697634888845265,28.9802690652714
1590,South Africa,110,-23.27446805152717,29.730431313396625
1591,South Africa,33,-24.40616686479439,27.1859796927656
1592,South Africa,126,-25.870994779420236,26.734331524700902
1593,South Africa,84,-26.796399753587096,24.779437816040492
1594,South Africa,145,-25.932897286987007,30.041547202519027
1595,South Africa,94,-33.296671294770654,22.2241526426522
1596,South Africa,126,-33.340053134052795,18.84532140252826
1597,South Africa,26,-26.80037400170675,21.495156195111267
1598,South Africa,115,-26.05696138062193,28.178362783086207
1599,South Africa,68,-29.34376040926337,19.44275363123644
1600,South Africa,36,-28.289477165605103,29.908780515639076
1601,South Africa,40,-27.65147805189481,31.6676000431553
1602,South Africa,37,-28.904142721863906,31.81352782599278
1603,South Africa,62,-30.09013067922957,30.51185316133055
1604,South Africa,137,-27.668917104009687,27.94361791024001
1605,South Africa,73,-29.024476966185613,25.95922692548416
1606,South Korea,17,36.922859210392,129.32416459232755
1607,South Korea,136,37.66114404891683,128.32207928538747
1608,South Korea,59,33.38345373779853,126.53603851598906
1609,South Korea,159,37.67786402741419,127.22120084421071
1610,South Korea,126,37.48672880435753,126.7337486382494
1611,South Korea,43,36.46803890028464,127.290304064836
1612,South Korea,61,35.69211860655738,127.0548252295082
1613,South Korea,103,34.95396770206372,126.91397169566916
1614,South Korea,90,35.29581491948952,128.6683525829141
1615,South Korea,139,36.05173735989789,128.47113846063044
1616,South Korea,83,36.07410637909072,129.24545687211915
1617,Spain,5,35.90904472984754,-5.316441296315363
1618,Spain,3,35.67426927283489,-2.5645371838379227
1619,Spain,41,39.73967878450833,-6.235814499285841
1620,Spain,39,41.30548468290666,-6.056693201206301
1621,Spain,59,37.66788585035918,-5.75984870038452
1622,Spain,40,40.5774729922167,0.3218017875916816
1623,Spain,57,38.94655625772008,-0.5614533425782685
1624,Spain,46,37.89368815853154,-1.4294727457943646
1625,Spain,48,37.10241314223344,-3.242586729212258
1626,Spain,43,43.43050111031267,-7.552622886707381
1627,Spain,46,43.52815463207766,-5.987689387274748
1628,Spain,46,43.41368981361746,-4.017909900817848
1629,Spain,38,42.62353176884926,-1.6534416719170693
1630,Spain,25,28.236743196007,-16.89514417779533
1631,Spain,21,28.43860262648899,-14.354009126491167
1632,Spain,56,39.55754622548448,3.057440770002228
1633,Spain,34,41.67444724915449,-1.0562659742679965
1634,Spain,51,42.38095114885143,-3.048769967314428
1635,Spain,49,38.48383280737868,-2.6480785680870693
1636,Spain,31,40.615807045343566,-0.7808104656822745
1637,Spain,57,39.42728662356617,-3.012871090012172
1638,Spain,49,40.33676203419875,-4.314116603062423
1639,Spain,53,42.349414795181005,-5.23315047520902
1640,Spain,40,43.10389408490524,-2.611171696198623
1641,Spain,40,41.16569824159418,-2.6780660594149834
1642,Spain,36,40.44591362224317,-3.712787454229631
1643,Spain,31,42.16671788673316,-0.0169175121437966
1644,Spain,34,42.03602811855726,1.097919103934876
1645,Spain,48,41.78876189674551,2.417049048103427
1646,Spain,48,38.69476412241792,-6.134089927385198
1647,Spain,79,36.20631370767872,-5.381920369395832
1648,Spain,67,42.74923140677952,-8.53541284371316
1649,Spratly Is.,2,11.557963643796526,116.57547506232088
1650,Sri Lanka,49,8.310973668176322,81.48269268697997
1651,Sri Lanka,45,9.401916711111111,80.36062117777777
1652,Sri Lanka,44,7.297927047468746,81.56993070830666
1653,Sri Lanka,45,6.584815111111111,80.57369684444444
1654,Sri Lanka,54,6.7350133361444495,81.28141352571221
1655,Sri Lanka,31,7.139616096774194,81.0517239032258
1656,Sri Lanka,40,7.675313675,80.698312775
1657,Sri Lanka,55,7.9682906,81.03348878181818
1658,Sri Lanka,91,7.657224542085266,80.23749113884824
1659,Sri Lanka,109,8.369736170851628,80.5320622854921
1660,Sri Lanka,60,7.1344254,80.69214138333334
1661,Sri Lanka,58,9.024291542865196,80.27010127675668
1662,Sri Lanka,50,7.8599299,79.88502386
1663,Sri Lanka,52,7.127819807692308,80.01076286538462
1664,Sri Lanka,52,7.01075351923077,80.19130898076924
1665,Sri Lanka,56,6.558984114962047,80.06661618186357
1666,Sri Lanka,40,6.219000575,80.21259695
1667,Sri Lanka,33,6.108964519251773,80.54213142063341
1668,Sri Lanka,52,6.128441582541904,81.05451274181573
1669,Sudan,35,12.965601851502049,27.831318449077724
1670,Suriname,2,5.4351531020145245,-54.757642141228125
1671,Sweden,76,66.74741665978335,19.255011344255685
1672,Sweden,77,66.70978067451455,22.37274866028825
1673,Sweden,53,59.5173602355631,18.34284274920793
1674,Sweden,43,59.06323468720115,16.76639793692813
1675,Sweden,41,58.33806606175318,15.866742921751616
1676,Sweden,70,56.75167864894202,15.890463583897724
1677,Sweden,60,55.96105253375824,13.608437128980334
1678,Sweden,53,56.98032710901455,12.756935703574587
1679,Sweden,42,57.533945103265445,18.566515171907383
1680,Sweden,33,59.78036422019045,16.27278741874696
1681,Sweden,41,57.53353984294749,14.562898307548693
1682,Sweden,33,59.339404107914966,15.015525602402771
1683,Sweden,119,64.79646537088594,17.945836843773435
1684,Sweden,45,56.77731783343293,14.68389350368818
1685,Sweden,85,63.27137268626524,14.42924067761604
1686,Sweden,78,60.91645039629224,14.41284300938366
1687,Sweden,80,59.78620589363182,13.136043204358163
1688,Sweden,82,58.23867825960508,12.703687720764377
1689,Sweden,65,63.05998116124749,17.445530263117963
1690,Sweden,71,61.50194465015553,16.522507473057708
1691,Sweden,35,60.09580057943618,17.76043887394137
1692,Switzerland,24,46.87436734571035,8.117670778298962
1693,Syria,1,33.273367,35.770279
1694,Syria,19,36.06980218914833,39.02651629279056
1695,São Tomé and Principe,140,0.0971883424686171,6.593173068834743
1696,São Tomé and Principe,61,0.219886,6.713486590163934
1697,São Tomé and Principe,50,0.4324227995523069,6.454217309230598
1698,São Tomé and Principe,32,0.2930045,6.59669046875
1699,São Tomé and Principe,109,1.6388585502832167,7.407630701051813
1700,São Tomé and Principe,40,0.262872925,6.740202200000001
1701,São Tomé and Principe,132,0.3098185984848484,6.722970212121211
1702,São Tomé and Principe,75,0.34468536,6.72181004
1703,São Tomé and Principe,54,0.3522509444444444,6.700760851851852
1704,São Tomé and Principe,62,0.3632288064516129,6.682334774193548
1705,São Tomé and Principe,63,0.3035791746031746,6.678622984126984
1706,São Tomé and Principe,65,0.3761221230769231,6.652192907692307
1707,São Tomé and Principe,58,0.3871821379310345,6.6367783620689655
1708,Taiwan,52,24.92146973793956,121.25942770433002
1709,Taiwan,47,24.760265127659576,121.09807504255318
1710,Taiwan,48,22.84827994458412,121.17840343317292
1711,Taiwan,83,24.057044096385543,121.53791438554217
1712,Taiwan,87,25.03776757471264,121.62917113793104
1713,Taiwan,5,24.4588952,118.372766
1714,Taiwan,6,23.5962025,119.573887
1715,Taiwan,81,23.88459948890344,120.89357621027789
1716,Taiwan,59,24.517875389830508,120.86360681355931
1717,Taiwan,69,24.224894586212084,120.77307195824648
1718,Taiwan,63,23.9725769568512,120.48100179777452
1719,Taiwan,65,23.69071227692308,120.3778187846154
1720,Taiwan,77,23.465290142857143,120.48082957142856
1721,Taiwan,107,23.15503403987855,120.31969132743647
1722,Taiwan,75,22.90919644,120.49727461333332
1723,Taiwan,81,22.428293765432095,120.67001495061729
1724,Tajikistan,8,38.67799272241027,70.69727285554444
1725,Tanzania,20,-4.21613708476546,33.48911140521773
1726,Tanzania,2,-7.253301156515121,38.61554291246469
1727,Thailand,63,15.734479849032164,103.5050340201561
1728,Thailand,45,15.379639967777358,104.07528932911958
1729,Thailand,44,14.79762047615328,99.5818404320354
1730,Thailand,53,13.261570927165655,100.2002885485888
1731,Thailand,38,14.11825868730121,99.87724516372091
1732,Thailand,59,9.2774494827893,99.03268908855073
1733,Thailand,34,18.62086659055572,99.8729994358337
1734,Thailand,38,17.965340388927746,100.39811276719408
1735,Thailand,44,16.546254997248926,100.83474534520988
1736,Thailand,30,17.288578504736645,101.90813908544972
1737,Thailand,50,17.592434133115848,103.98981957212315
1738,Thailand,37,17.872958089963532,102.71901065996326
1739,Thailand,38,15.220943041426214,105.08060318480328
1740,Thailand,53,16.24438085838343,104.60226135516976
1741,Thailand,3,8.058094666666667,98.449912
1742,Thailand,39,14.663450816395292,101.09707098445236
1743,Thailand,53,15.009193710859188,102.1530093683283
1744,Thailand,35,17.409687317115498,102.9065129133594
1745,Thailand,33,16.303096989170953,99.93564576048831
1746,Thailand,31,15.950545474671854,101.86393575665494
1747,Thailand,35,13.699015609506764,101.80306775803614
1748,Thailand,52,15.63342675373557,102.85134511416882
1749,Thailand,44,12.804811145159944,101.79144329550536
1750,Thailand,52,7.945010901721528,99.8363023375322
1751,Thailand,41,6.667493422367547,100.96893436161048
1752,Thailand,50,19.24807916599264,99.2554141945359
1753,Thailand,56,16.594465738146706,99.4505574060868
1754,Timor-Leste,5,-9.526573484927605,125.74420094449208
1755,Togo,10,7.997780963469765,0.930107498579654
1756,Trinidad and Tobago,1,11.550675365116405,-60.75797429244673
1757,Tunisia,112,33.68042429731137,10.837919714721204
1758,Tunisia,34,35.69185255768575,9.982547530563354
1759,Tunisia,147,36.80191644217688,10.188495646258502
1760,Tunisia,64,36.88312140625,10.18495890625
1761,Tunisia,57,37.18509801874819,9.903666085204138
1762,Tunisia,51,33.84256632493996,10.124204251119114
1763,Tunisia,59,34.51906553023887,10.396342520767138
1764,Tunisia,127,34.90550742335324,10.775938529958268
1765,Tunisia,82,35.38430958177453,10.893206284878516
1766,Tunisia,58,35.671445695827416,10.82338093661984
1767,Tunisia,117,35.91818540645842,10.497593456166406
1768,Tunisia,80,36.51208669193087,10.60755822874549
1769,Tunisia,42,36.71765721428572,10.263290595238097
1770,Turkey,33,40.84148184837375,41.00987314640256
1771,Turkey,42,38.27507175621828,42.305531942385
1772,Turkey,72,40.902891977543135,34.086650275965056
1773,Turkey,60,41.08724348863292,31.586595461854124
1774,Turkey,48,40.475210136519486,29.322262461248556
1775,Turkey,34,38.53476765748192,27.3176251488018
1776,Turkey,59,37.41593536501363,29.09744000964392
1777,Turkey,49,36.58321723696923,30.895629783093824
1778,Turkey,41,36.75146810456452,33.670629580648445
1779,Turkey,59,38.020297991054605,35.70399301071029
1780,Turkey,50,39.81535799071261,32.49950598200255
1781,Turkey,33,39.61726243657676,29.897983236866253
1782,Turkey,46,40.071335715679545,42.42750148883612
1783,Turkey,41,39.126232815911855,30.811394124680454
1784,Turkey,39,40.18977551788623,36.05792231312783
1785,Turkey,63,38.063049829770485,32.505015345361315
1786,Turkey,41,38.57773309728464,34.26003326851037
1787,Turkey,42,38.29552343835415,28.76054281214804
1788,Turkey,35,38.673595432168455,38.98552514624987
1789,Turkey,33,39.00041268502119,43.43692809757262
1790,Turkey,72,41.24500300226764,27.789336858041292
1791,Turkey,56,37.53947357029631,40.11903252322828
1792,Turkey,40,37.14537699176543,36.78223797750532
1793,Turkey,53,39.849124363936205,27.210081329751183
1794,Turkey,32,40.27740867471764,39.128199413308
1795,Turkey,57,40.97033919062862,36.48546212029155
1796,Turkmenistan,2,37.28420058329968,64.7944521252995
1797,U.S. Virgin Is.,260,17.72178308461538,-64.81743103076923
1798,U.S. Virgin Is.,176,17.75322953409091,-64.75621678977274
1799,U.S. Virgin Is.,108,17.724427425925924,-64.71685709259259
1800,U.S. Virgin Is.,28,17.741761642857142,-64.69302839285714
1801,U.S. Virgin Is.,28,17.75321124347683,-64.66998294394496
1802,U.S. Virgin Is.,98,17.746264469387754,-64.62806857142857
1803,U.S. Virgin Is.,111,17.720896648648647,-64.87658326126126
1804,U.S. Virgin Is.,94,18.33680671276596,-64.76682636170213
1805,U.S. Virgin Is.,98,18.33638947959184,-64.92554820408164
1806,Uganda,71,-0.4146842770498908,30.849284542780065
1807,Uganda,1,-1.317095132648234,29.79491690981089
1808,Uganda,2,2.214368288149537,33.062325443064054
1809,Uganda,121,0.3258323126701792,32.60522718364088
1810,Uganda,73,0.4032849726027397,32.59744316438356
1811,Uganda,1,2.6955382508237165,33.65312959080228
1812,Uganda,112,2.33560225,31.563070964285718
1813,Uganda,66,3.772695491597384,33.716826272831426
1814,Uganda,83,2.1540389082006404,31.72423365618901
1815,Uganda,90,-0.0917712288038311,30.006088776433803
1816,Uganda,78,0.3686287659166668,32.73817806760559
1817,Uganda,59,0.0754663073434073,32.49454498275364
1818,Uganda,127,0.2252192598425196,32.521702440944885
1819,Uganda,34,0.2579344117647059,32.6102135882353
1820,Uganda,102,0.3823153761136611,32.4936197742293
1821,Ukraine,63,51.33059860643294,31.899743744922265
1822,Ukraine,42,51.06108616167892,24.81509319752401
1823,Ukraine,51,51.03944424905154,34.11041647117043
1824,Ukraine,73,49.66006823384327,35.895075601783525
1825,Ukraine,65,48.00249915466056,37.81012451808232
1826,Ukraine,51,47.05879703552043,33.61261152864812
1827,Ukraine,52,47.46800497305821,35.22836786570475
1828,Ukraine,47,47.51815281597159,31.52330594510502
1829,Ukraine,54,49.63562733070889,33.74068723600818
1830,Ukraine,37,49.52262889146512,26.84596169168322
1831,Ukraine,33,49.4638179463029,25.62117734682654
1832,Ukraine,72,48.289838915443525,34.55529918126158
1833,Ukraine,39,50.84468461757516,26.24321979795175
1834,Ukraine,42,49.29441126342259,31.41086830658681
1835,Ukraine,51,48.49656105059999,31.991986374650025
1836,Ukraine,59,50.46741824949713,28.49048402104609
1837,Ukraine,74,50.24661245226755,30.488210228821146
1838,Ukraine,31,48.39306317055691,23.038825164519345
1839,Ukraine,47,48.62829498243489,25.146340779885254
1840,Ukraine,65,47.10567349233695,30.110563184948507
1841,Ukraine,54,48.92094067186816,28.74895723627783
1842,Ukraine,55,49.72100406680573,23.94313645773303
1843,United Arab Emirates,117,25.345597567816014,56.19465683239477
1844,United Arab Emirates,71,25.006253591549296,55.78162314084507
1845,United Arab Emirates,57,25.40340594736842,55.53329743859649
1846,United Arab Emirates,89,25.224597741573035,55.84730443820225
1847,United Arab Emirates,101,25.342308217821785,55.55125803960396
1848,United Arab Emirates,32,25.11942465625,56.3094150625
1849,United Arab Emirates,134,25.3283547761194,56.02304786567164
1850,United Arab Emirates,123,25.192872903467897,55.37485456565386
1851,United Arab Emirates,128,24.970993734375,55.152430828125
1852,United Arab Emirates,55,24.923348727272728,55.49826454545455
1853,United Arab Emirates,89,25.476313988764044,55.75333747191011
1854,United Kingdom,60,54.71829616253529,-7.068904008288653
1855,United Kingdom,57,54.48094122829836,-5.953163777390516
1856,United Kingdom,43,54.21824433143984,-1.368457136755033
1857,United Kingdom,41,53.54651815745612,-0.9284556297195958
1858,United Kingdom,58,52.96297280160836,0.4548842209570223
1859,United Kingdom,40,52.048406678663056,0.9091738154268229
1860,United Kingdom,45,51.10883235940754,0.3133517150893627
1861,United Kingdom,34,51.13240327437771,-0.8974246061174217
1862,United Kingdom,52,51.05481234318526,-2.456588470803992
1863,United Kingdom,78,50.46025486310885,-4.59413219692521
1864,United Kingdom,37,52.03245029554768,-4.500844597467389
1865,United Kingdom,81,57.658523348259685,-4.863722777656128
1866,United Kingdom,47,53.08225225363139,-3.666281575993179
1867,United Kingdom,4,50.43950571163731,-1.602363608154356
1868,United Kingdom,39,58.08796465230967,-8.267272421748256
1869,United Kingdom,22,58.66910531790584,-2.552309222624317
1870,United Kingdom,33,61.00020904786125,-0.6965444780157201
1871,United Kingdom,38,51.85212761786431,-1.0130851266935688
1872,United Kingdom,1,51.514695,-0.002387
1873,United Kingdom,32,52.12572503034605,-0.1638888753021966
1874,United Kingdom,44,52.75299744966312,-1.600117443314997
1875,United Kingdom,58,53.32627753849403,-2.402268432851182
1876,United Kingdom,57,52.02852440389861,-3.2253421953334644
1877,United Kingdom,32,52.03309018491158,-2.002368707588505
1878,United Kingdom,60,55.42755251587501,-3.641558875379234
1879,United Kingdom,56,55.26231789303896,-1.308162773603195
1880,United Kingdom,43,54.58146911947726,-2.9687382171827745
1881,United Kingdom,83,56.548264830673496,-4.120231425819373
1882,United States of America,97,47.29309020711843,-121.3416988041753
1883,United States of America,82,44.43894026056024,-114.55685886360487
1884,United States of America,34,44.71899703928466,-69.92441410353139
1885,United States of America,101,34.27420198021174,-111.64618302607224
1886,United States of America,80,38.87540184560126,-122.41038235686976
1887,United States of America,102,34.644868305543184,-118.49311257178957
1888,United States of America,95,34.36176161621731,-106.01551303700482
1889,United States of America,87,32.987849960697,-101.60838639805392
1890,United States of America,74,28.712717423022905,-98.24741499973356
1891,United States of America,72,31.811455223545742,-95.82706488165697
1892,United States of America,27,58.86103892206648,-137.33719871686995
1893,United States of America,75,30.32117578754485,-92.04071922762932
1894,United States of America,133,47.03336545809165,-109.6695715035166
1895,United States of America,48,32.563760487807606,-89.60663188931073
1896,United States of America,67,32.70257549269301,-86.83712851384544
1897,United States of America,52,28.94858372034619,-83.57288303388522
1898,United States of America,46,32.64947380362341,-83.6542225657145
1899,United States of America,67,34.87654738877576,-79.60240225050669
1900,United States of America,74,37.5169258058071,-83.07875236521872
1901,United States of America,45,38.89845829150581,-78.68331014775498
1902,United States of America,129,43.62626436147949,-121.68159851468818
1903,United States of America,10,20.5162973,-156.6237589
1904,United States of America,80,39.35502741128189,-111.8449417247443
1905,United States of America,73,47.55225764163649,-100.52768522512793
1906,United States of America,80,42.88567088734858,-107.60284375299864
1907,United States of America,94,39.6095603159094,-116.84485082840204
1908,United States of America,101,38.8645299313712,-105.70115394618362
1909,United States of America,64,44.45400772859354,-100.4038978919194
1910,United States of America,82,41.33437966138292,-99.2835427100196
1911,United States of America,70,38.43495638508814,-97.91861356856856
1912,United States of America,72,35.325764318956104,-97.34656000385093
1913,United States of America,75,41.98456791548495,-93.37079954779531
1914,United States of America,73,38.35813345775991,-92.71343243006184
1915,United States of America,65,44.46654371650853,-89.76830220675322
1916,United States of America,87,46.088725162129485,-93.90798584723836
1917,United States of America,88,40.308360164686015,-89.14464764708895
1918,United States of America,67,34.93501818799234,-92.33259979520636
1919,United States of America,51,35.88112591138872,-86.37202402859208
1920,United States of America,50,40.103822166402765,-86.20314408947198
1921,United States of America,87,44.72334345853693,-85.82889129574077
1922,United States of America,49,40.35661217211072,-82.97341850962185
1923,United States of America,53,40.66023862230964,-77.14717309956944
1924,United States of America,43,42.74058000327104,-75.50371480810826
1925,United States of America,37,42.5586168197212,-72.27553790152508
1926,Uruguay,52,-32.09359995642215,-57.50171265318912
1927,Uruguay,86,-31.17092584662913,-57.20271634792544
1928,Uruguay,77,-33.547881423819454,-57.74890703342641
1929,Uruguay,77,-33.074297571017425,-57.30116163643295
1930,Uruguay,76,-32.10074234704039,-55.76769331836571
1931,Uruguay,76,-33.097736869011094,-55.93083010892468
1932,Uruguay,67,-33.81375412071731,-55.8609345830312
1933,Uruguay,73,-34.07759384179932,-55.04543954323857
1934,Uruguay,64,-31.453979253526647,-55.32020517282435
1935,Uruguay,83,-34.166880534032366,-53.861545238242286
1936,Uruguay,57,-33.03051425203513,-54.30736357962984
1937,Uruguay,52,-32.46487554977753,-54.10468753131799
1938,Uruguay,65,-34.81328416902392,-54.79104154344189
1939,Uruguay,73,-34.56955012632517,-55.946045090279306
1940,Uruguay,76,-34.42742106719341,-56.65174253482393
1941,Uruguay,79,-34.14927881239675,-57.63631911378542
1942,Uzbekistan,15,40.99513563915705,70.4206965878497
1943,Uzbekistan,8,40.40129478775199,65.35425731470588
1944,Vanuatu,3,-14.583342231111766,165.81808783949148
1945,Venezuela,16,5.412001920711914,-66.30843078095175
1946,Vietnam,32,14.79797553125,108.228290875
1947,Vietnam,57,11.995438672378974,108.25388505730804
1948,Vietnam,43,19.200236093023253,105.12662327906976
1949,Vietnam,40,17.934207249588827,106.10712252754908
1950,Vietnam,55,16.0335852,107.73178898181818
1951,Vietnam,56,22.40571448214285,105.48521182142858
1952,Vietnam,33,21.538118909090908,106.89044803030303
1953,Vietnam,39,9.522850473721386,105.7756732987208
1954,Vietnam,65,10.914876861794417,107.63743993740448
1955,Vietnam,41,13.738678560975607,109.05260702439024
1956,Vietnam,41,20.481200146341465,106.15044873170731
1957,Vietnam,56,21.022402,106.45296555357145
1958,Vietnam,35,12.865751142857142,108.19602257142856
1959,Vietnam,45,20.8348294,105.54604637777778
1960,Vietnam,42,21.53574792857143,105.27479038095238
1961,Vietnam,30,13.8210603,108.19345033333336
1962,Vietnam,56,11.577302232142856,106.58171278571427
1963,Vietnam,75,10.66806052,106.4690136
1964,Vietnam,46,10.211607656568727,105.74385358200522
1965,Vietnam,36,9.586080166666669,105.02033963888888
1966,Vietnam,56,21.67490092857143,103.91058851785716
1967,Vietnam,43,20.035104976744183,105.3995566744186
1968,Yemen,16,12.374122733913604,47.34130938542842
1969,Zambia,39,-14.658218861470774,27.7313734243974
1970,Zambia,43,-13.854789598952856,26.32038863941978
1971,Zimbabwe,60,-19.511270549623703,28.189946791980937
1972,eSwatini,53,-26.44994649638985,31.901855636527056
1973,eSwatini,32,-26.278130125,31.96087365625
1974,eSwatini,37,-26.47171221621621,31.179329405405404
1975,eSwatini,70,-26.642042328571428,31.04820141428572
1976,eSwatini,32,-26.7352913125,31.33771459375
1977,eSwatini,36,-26.40988052777778,30.94760025
1978,eSwatini,50,-26.95496119352897,31.0217715642732
1979,eSwatini,93,-26.99040313677818,31.308248165643768
1980,eSwatini,44,-27.233529181818184,31.5569235
1981,eSwatini,19,-27.26231494736842,31.83174152631579
1982,eSwatini,40,-26.142733825,31.975743975
1983,eSwatini,23,-26.43155926086957,31.67912573913044
1984,eSwatini,87,-26.734044540229885,31.690905344827584
1985,eSwatini,63,-26.933224339806124,31.8753904568966
1986,eSwatini,134,-26.083902828363595,31.22096412464332
1987,eSwatini,74,-26.34506491891892,31.129697905405404
1988,eSwatini,84,-26.43909289970337,31.450569857002517
1989,eSwatini,28,-26.501877748824807,31.292899034426203
1990,Åland,39,60.114441743589744,20.24805917948718
1991,Åland,69,60.332164594202894,19.84924053623188
1992,Åland,21,59.93575066666666,20.924037666666667
1993,Åland,56,60.03660175,20.4569915
1994,Åland,13,60.12867323076924,20.63672369230769
1995,Åland,59,60.02473570881621,20.102620360506293
1996,Åland,72,60.46149392950306,21.003511543425148
1997,Åland,86,60.217658,19.69094873255814
1998,Åland,56,60.25668125,20.347036553571428
1999,Åland,102,60.28670256862745,20.12120859803921
2000,Åland,75,60.27401483999999,20.809385466666665
2001,Åland,71,60.13316615492958,19.849112647887324
2002,Åland,122,60.1191837295082,19.960646795081967
2003,Åland,94,60.27229291489362,20.002236787234043
2004,Åland,72,60.22969406467075,19.894897620796893
